approved_symbol,hgnc_id,evidence_count,list_count,00_InhousePanels,01_PanelApp,02_HPO,03_DiagnosticPanels,04_COSMIC
ABRAXAS1,25829,1,2,TRUE,NULL,NULL,FALSE,NULL
ACD,25070,3,3,TRUE,TRUE,NULL,TRUE,NULL
AIP,358,4,4,TRUE,TRUE,TRUE,TRUE,NULL
AKT1,391,4,5,TRUE,FALSE,TRUE,TRUE,TRUE
ALK,427,4,4,TRUE,TRUE,NULL,TRUE,TRUE
ANKRD26,29186,3,3,TRUE,TRUE,NULL,TRUE,NULL
APC,583,5,5,TRUE,TRUE,TRUE,TRUE,TRUE
ARID1A,11110,2,3,TRUE,NULL,NULL,FALSE,TRUE
ARID1B,18040,3,3,TRUE,NULL,TRUE,NULL,TRUE
ATM,795,5,5,TRUE,TRUE,TRUE,TRUE,TRUE
ATR,882,5,5,TRUE,TRUE,TRUE,TRUE,TRUE
ATRX,886,3,4,TRUE,NULL,TRUE,FALSE,TRUE
AXIN2,904,5,5,TRUE,TRUE,TRUE,TRUE,TRUE
BAP1,950,5,5,TRUE,TRUE,TRUE,TRUE,TRUE
BARD1,952,4,5,TRUE,FALSE,TRUE,TRUE,TRUE
BLM,1058,4,5,TRUE,TRUE,TRUE,TRUE,FALSE
BMPR1A,1076,4,5,TRUE,TRUE,TRUE,TRUE,FALSE
BRAF,1097,5,5,TRUE,TRUE,TRUE,TRUE,TRUE
BRCA1,1100,5,5,TRUE,TRUE,TRUE,TRUE,TRUE
BRCA2,1101,5,5,TRUE,TRUE,TRUE,TRUE,TRUE
BRIP1,20473,4,5,TRUE,TRUE,TRUE,TRUE,FALSE
BUB1B,1149,4,5,TRUE,TRUE,TRUE,TRUE,FALSE
CASR,1514,3,4,TRUE,FALSE,TRUE,TRUE,NULL
CBL,1541,5,5,TRUE,TRUE,TRUE,TRUE,TRUE
CDC73,16783,5,5,TRUE,TRUE,TRUE,TRUE,TRUE
CDH1,1748,5,5,TRUE,TRUE,TRUE,TRUE,TRUE
CDK4,1773,4,5,TRUE,TRUE,TRUE,TRUE,FALSE
CDKN1B,1785,5,5,TRUE,TRUE,TRUE,TRUE,TRUE
CDKN1C,1786,4,4,TRUE,TRUE,TRUE,TRUE,NULL
CDKN2A,1787,5,5,TRUE,TRUE,TRUE,TRUE,TRUE
CDKN2B,1788,3,3,TRUE,TRUE,NULL,TRUE,NULL
CEBPA,1833,5,5,TRUE,TRUE,TRUE,TRUE,TRUE
CHEK2,16627,4,5,TRUE,TRUE,TRUE,TRUE,FALSE
COL7A1,2214,2,2,TRUE,NULL,TRUE,NULL,NULL
CREBBP,2348,3,4,TRUE,FALSE,TRUE,NULL,TRUE
CSF3R,2439,3,5,TRUE,FALSE,TRUE,TRUE,FALSE
CTC1,26169,3,3,TRUE,TRUE,NULL,TRUE,NULL
CTNNA1,2509,2,3,TRUE,NULL,NULL,TRUE,FALSE
CTNNB1,2514,3,4,TRUE,FALSE,TRUE,NULL,TRUE
CTR9,16850,3,3,TRUE,TRUE,NULL,TRUE,NULL
CTRC,2523,1,2,TRUE,NULL,NULL,FALSE,NULL
CYLD,2584,5,5,TRUE,TRUE,TRUE,TRUE,TRUE
DDB2,2718,4,5,TRUE,TRUE,TRUE,TRUE,FALSE
DDX41,18674,4,4,TRUE,TRUE,TRUE,TRUE,NULL
DICER1,17098,5,5,TRUE,TRUE,TRUE,TRUE,TRUE
DIS3L2,28648,4,4,TRUE,TRUE,TRUE,TRUE,NULL
DKC1,2890,4,4,TRUE,TRUE,TRUE,TRUE,NULL
DNAJC21,27030,3,4,TRUE,TRUE,TRUE,FALSE,NULL
DNMT3A,2978,3,4,TRUE,NULL,TRUE,FALSE,TRUE
DNMT3B,2979,1,1,TRUE,NULL,NULL,NULL,NULL
DOCK8,19191,3,4,TRUE,TRUE,TRUE,FALSE,NULL
EGFR,3236,4,4,TRUE,NULL,TRUE,TRUE,TRUE
ELANE,3309,3,4,TRUE,TRUE,TRUE,FALSE,NULL
EPCAM,11529,4,4,TRUE,TRUE,TRUE,TRUE,NULL
ERBB2,3430,3,4,TRUE,NULL,TRUE,FALSE,TRUE
ERCC1,3433,3,3,TRUE,TRUE,NULL,TRUE,NULL
ERCC2,3434,4,5,TRUE,TRUE,TRUE,TRUE,FALSE
ERCC3,3435,4,5,TRUE,TRUE,TRUE,TRUE,FALSE
ERCC4,3436,4,5,TRUE,TRUE,TRUE,TRUE,FALSE
ERCC5,3437,3,4,TRUE,TRUE,NULL,TRUE,FALSE
ERCC6L2,26922,3,3,TRUE,TRUE,NULL,TRUE,NULL
ETV6,3495,4,5,TRUE,TRUE,TRUE,TRUE,FALSE
EXT1,3512,4,5,TRUE,TRUE,TRUE,TRUE,FALSE
EXT2,3513,4,5,TRUE,TRUE,TRUE,TRUE,FALSE
EZH2,3527,4,4,TRUE,TRUE,NULL,TRUE,TRUE
FANCA,3582,4,5,TRUE,TRUE,TRUE,TRUE,FALSE
FANCB,3583,3,3,TRUE,TRUE,NULL,TRUE,NULL
FANCC,3584,4,5,TRUE,TRUE,TRUE,TRUE,FALSE
FANCD2,3585,4,5,TRUE,TRUE,TRUE,TRUE,FALSE
FANCE,3586,4,5,TRUE,TRUE,TRUE,TRUE,FALSE
FANCF,3587,3,4,TRUE,TRUE,NULL,TRUE,FALSE
FANCG,3588,4,5,TRUE,TRUE,TRUE,TRUE,FALSE
FANCI,25568,3,3,TRUE,TRUE,NULL,TRUE,NULL
FANCL,20748,3,3,TRUE,TRUE,NULL,TRUE,NULL
FANCM,23168,3,3,TRUE,TRUE,NULL,TRUE,NULL
FAS,11920,2,4,TRUE,TRUE,NULL,FALSE,FALSE
FAT4,23109,1,2,TRUE,NULL,NULL,NULL,FALSE
FH,3700,4,5,TRUE,TRUE,TRUE,TRUE,FALSE
FLCN,27310,4,5,TRUE,TRUE,TRUE,TRUE,FALSE
FOCAD,23377,2,3,TRUE,NULL,TRUE,FALSE,NULL
FOXE1,3806,3,4,TRUE,TRUE,TRUE,FALSE,NULL
GALNT12,19877,2,2,TRUE,NULL,NULL,TRUE,NULL
GATA1,4170,4,5,TRUE,TRUE,TRUE,FALSE,TRUE
GATA2,4171,4,5,TRUE,TRUE,TRUE,TRUE,FALSE
GBA1,4177,3,4,TRUE,TRUE,TRUE,FALSE,NULL
GJB2,4284,2,2,TRUE,NULL,TRUE,NULL,NULL
GNA11,4379,3,3,TRUE,NULL,TRUE,NULL,TRUE
GNAQ,4390,3,3,TRUE,NULL,TRUE,NULL,TRUE
GPC3,4451,4,5,TRUE,TRUE,TRUE,TRUE,FALSE
GREM1,2001,3,3,TRUE,TRUE,NULL,TRUE,NULL
H19,4713,1,2,TRUE,FALSE,NULL,NULL,NULL
HAVCR2,18437,2,3,TRUE,NULL,TRUE,FALSE,NULL
HAX1,16915,3,4,TRUE,TRUE,TRUE,FALSE,NULL
HFE,4886,2,3,TRUE,NULL,TRUE,FALSE,NULL
HMBS,4982,2,2,TRUE,NULL,TRUE,NULL,NULL
HOXB13,5112,2,3,TRUE,FALSE,NULL,TRUE,NULL
HPS1,5163,1,2,TRUE,NULL,NULL,FALSE,NULL
HRAS,5173,5,5,TRUE,TRUE,TRUE,TRUE,TRUE
IDH1,5382,3,3,TRUE,NULL,TRUE,NULL,TRUE
IDH2,5383,2,2,TRUE,NULL,NULL,NULL,TRUE
IKZF1,13176,5,5,TRUE,TRUE,TRUE,TRUE,TRUE
IPMK,20739,1,1,TRUE,NULL,NULL,NULL,NULL
ITK,6171,4,5,TRUE,TRUE,TRUE,TRUE,FALSE
JAK2,6192,4,5,TRUE,FALSE,TRUE,TRUE,TRUE
KCNQ1OT1,6295,2,3,TRUE,FALSE,TRUE,NULL,NULL
KIF1B,16636,3,4,TRUE,FALSE,TRUE,TRUE,NULL
KIT,6342,5,5,TRUE,TRUE,TRUE,TRUE,TRUE
KMT2C,13726,2,2,TRUE,NULL,NULL,NULL,TRUE
KMT2D,7133,2,3,TRUE,NULL,NULL,FALSE,TRUE
KRAS,6407,5,5,TRUE,TRUE,TRUE,TRUE,TRUE
LIG4,6601,3,3,TRUE,TRUE,TRUE,NULL,NULL
LZTR1,6742,5,5,TRUE,TRUE,TRUE,TRUE,TRUE
MAD2L2,6764,2,2,TRUE,TRUE,NULL,NULL,NULL
MAP2K1,6840,4,4,TRUE,TRUE,NULL,TRUE,TRUE
MAP2K2,6842,4,5,TRUE,TRUE,TRUE,TRUE,FALSE
MAP3K1,6848,3,3,TRUE,NULL,TRUE,NULL,TRUE
MAX,6913,5,5,TRUE,TRUE,TRUE,TRUE,TRUE
MDH2,6971,3,3,TRUE,TRUE,NULL,TRUE,NULL
MEN1,7010,5,5,TRUE,TRUE,TRUE,TRUE,TRUE
MET,7029,5,5,TRUE,TRUE,TRUE,TRUE,TRUE
MITF,7105,4,5,TRUE,TRUE,TRUE,TRUE,FALSE
MLH1,7127,5,5,TRUE,TRUE,TRUE,TRUE,TRUE
MLH3,7128,3,3,TRUE,NULL,TRUE,TRUE,NULL
MMS19,13824,1,1,TRUE,NULL,NULL,NULL,NULL
MRE11,7230,2,2,TRUE,NULL,NULL,TRUE,NULL
MSH2,7325,5,5,TRUE,TRUE,TRUE,TRUE,TRUE
MSH3,7326,4,4,TRUE,TRUE,TRUE,TRUE,NULL
MSH6,7329,5,5,TRUE,TRUE,TRUE,TRUE,TRUE
MTAP,7413,3,3,TRUE,TRUE,TRUE,NULL,NULL
MTOR,3942,2,2,TRUE,NULL,NULL,NULL,TRUE
MUTYH,7527,4,5,TRUE,TRUE,TRUE,TRUE,FALSE
NAF1,25126,3,3,TRUE,TRUE,NULL,TRUE,NULL
NBN,7652,4,5,TRUE,TRUE,TRUE,TRUE,FALSE
NF1,7765,5,5,TRUE,TRUE,TRUE,TRUE,TRUE
NF2,7773,5,5,TRUE,TRUE,TRUE,TRUE,TRUE
NHP2,14377,3,3,TRUE,TRUE,NULL,TRUE,NULL
NOP10,14378,3,3,TRUE,TRUE,NULL,TRUE,NULL
NRAS,7989,5,5,TRUE,TRUE,TRUE,TRUE,TRUE
NSD1,14234,2,4,TRUE,TRUE,NULL,FALSE,FALSE
NTHL1,8028,4,5,TRUE,TRUE,TRUE,TRUE,FALSE
PALB2,26144,4,5,TRUE,TRUE,TRUE,TRUE,FALSE
PARN,8609,2,3,TRUE,TRUE,NULL,FALSE,NULL
PAX5,8619,3,4,TRUE,TRUE,NULL,TRUE,FALSE
PDGFRA,8803,5,5,TRUE,TRUE,TRUE,TRUE,TRUE
PDGFRB,8804,3,4,TRUE,TRUE,TRUE,NULL,FALSE
PHOX2B,9143,5,5,TRUE,TRUE,TRUE,TRUE,TRUE
PIK3C2G,8973,1,1,TRUE,NULL,NULL,NULL,NULL
PIK3CA,8975,5,5,TRUE,TRUE,TRUE,TRUE,TRUE
PIK3R1,8979,3,3,TRUE,NULL,TRUE,NULL,TRUE
PIK3R2,8980,1,1,TRUE,NULL,NULL,NULL,NULL
PMS2,9122,4,5,TRUE,TRUE,TRUE,TRUE,FALSE
POLD1,9175,5,5,TRUE,TRUE,TRUE,TRUE,TRUE
POLE,9177,5,5,TRUE,TRUE,TRUE,TRUE,TRUE
POLH,9181,4,4,TRUE,TRUE,TRUE,TRUE,NULL
POT1,17284,3,4,TRUE,NULL,TRUE,TRUE,FALSE
PPP1CB,9282,3,3,TRUE,TRUE,TRUE,NULL,NULL
PRF1,9360,3,5,TRUE,TRUE,TRUE,FALSE,FALSE
PRKAR1A,9388,5,5,TRUE,TRUE,TRUE,TRUE,TRUE
PRKN,8607,2,2,TRUE,NULL,TRUE,NULL,NULL
PRSS1,9475,3,3,TRUE,TRUE,NULL,TRUE,NULL
PTCH1,9585,5,5,TRUE,TRUE,TRUE,TRUE,TRUE
PTEN,9588,5,5,TRUE,TRUE,TRUE,TRUE,TRUE
PTPN11,9644,5,5,TRUE,TRUE,TRUE,TRUE,TRUE
RAD50,9816,2,2,TRUE,NULL,NULL,TRUE,NULL
RAD51,9817,3,4,TRUE,TRUE,TRUE,FALSE,NULL
RAD51B,9822,1,3,TRUE,NULL,NULL,FALSE,FALSE
RAD51C,9820,4,4,TRUE,TRUE,TRUE,TRUE,NULL
RAD51D,9823,3,3,TRUE,TRUE,NULL,TRUE,NULL
RAF1,9829,3,4,TRUE,TRUE,NULL,TRUE,FALSE
RB1,9884,5,5,TRUE,TRUE,TRUE,TRUE,TRUE
RECQL,9948,2,2,TRUE,NULL,NULL,TRUE,NULL
RECQL4,9949,5,5,TRUE,TRUE,TRUE,TRUE,TRUE
RELN,9957,1,1,TRUE,NULL,NULL,NULL,NULL
REST,9966,4,4,TRUE,TRUE,TRUE,TRUE,NULL
RET,9967,5,5,TRUE,TRUE,TRUE,TRUE,TRUE
RHBDF2,20788,3,3,TRUE,NULL,TRUE,TRUE,NULL
RINT1,21876,1,2,TRUE,NULL,NULL,FALSE,NULL
RIT1,10023,3,3,TRUE,TRUE,NULL,TRUE,NULL
RMRP,10031,3,3,TRUE,TRUE,TRUE,NULL,NULL
RNF43,18505,5,5,TRUE,TRUE,TRUE,TRUE,TRUE
RPL11,10301,2,3,TRUE,TRUE,NULL,FALSE,NULL
RPL15,10306,2,3,TRUE,TRUE,NULL,FALSE,NULL
RPL23,10316,2,2,TRUE,TRUE,NULL,NULL,NULL
RPL26,10327,2,3,TRUE,TRUE,NULL,FALSE,NULL
RPL27,10328,2,3,TRUE,TRUE,NULL,FALSE,NULL
RPL31,10334,2,3,TRUE,TRUE,NULL,FALSE,NULL
RPL35A,10345,2,3,TRUE,TRUE,NULL,FALSE,NULL
RPL36,13631,2,2,TRUE,TRUE,NULL,NULL,NULL
RPL5,10360,2,4,TRUE,TRUE,NULL,FALSE,FALSE
RPS10,10383,2,3,TRUE,TRUE,NULL,FALSE,NULL
RPS15,10388,2,2,TRUE,TRUE,NULL,NULL,NULL
RPS17,10397,2,2,TRUE,TRUE,NULL,NULL,NULL
RPS19,10402,3,4,TRUE,TRUE,TRUE,FALSE,NULL
RPS20,10405,2,2,TRUE,NULL,NULL,TRUE,NULL
RPS24,10411,2,3,TRUE,TRUE,NULL,FALSE,NULL
RPS26,10414,2,3,TRUE,TRUE,NULL,FALSE,NULL
RPS27,10416,2,2,TRUE,TRUE,NULL,NULL,NULL
RPS27A,10417,2,2,TRUE,TRUE,NULL,NULL,NULL
RPS28,10418,2,3,TRUE,TRUE,NULL,FALSE,NULL
RPS29,10419,2,3,TRUE,TRUE,NULL,FALSE,NULL
RPS7,10440,2,3,TRUE,TRUE,NULL,FALSE,NULL
RTEL1,15888,3,3,TRUE,TRUE,NULL,TRUE,NULL
RUNX1,10471,5,5,TRUE,TRUE,TRUE,TRUE,TRUE
SAMD9L,1349,4,4,TRUE,TRUE,TRUE,TRUE,NULL
SBDS,19440,3,5,TRUE,TRUE,TRUE,FALSE,FALSE
SDHA,10680,5,5,TRUE,TRUE,TRUE,TRUE,TRUE
SDHAF2,26034,4,5,TRUE,TRUE,TRUE,TRUE,FALSE
SDHB,10681,4,5,TRUE,TRUE,TRUE,TRUE,FALSE
SDHC,10682,4,5,TRUE,TRUE,TRUE,TRUE,FALSE
SDHD,10683,4,5,TRUE,TRUE,TRUE,TRUE,FALSE
SEC23B,10702,4,4,TRUE,TRUE,TRUE,TRUE,NULL
SETBP1,15573,3,3,TRUE,NULL,TRUE,NULL,TRUE
SH2B3,29605,3,5,TRUE,TRUE,TRUE,FALSE,FALSE
SH2D1A,10820,3,4,TRUE,TRUE,TRUE,FALSE,NULL
SHOC2,15454,4,4,TRUE,TRUE,TRUE,TRUE,NULL
SLC5A5,11040,2,2,TRUE,TRUE,NULL,NULL,NULL
SLX4,23845,4,4,TRUE,TRUE,TRUE,TRUE,NULL
SMAD4,6770,5,5,TRUE,TRUE,TRUE,TRUE,TRUE
SMARCA4,11100,5,5,TRUE,TRUE,TRUE,TRUE,TRUE
SMARCB1,11103,5,5,TRUE,TRUE,TRUE,TRUE,TRUE
SMARCE1,11109,4,5,TRUE,TRUE,TRUE,TRUE,FALSE
SOS1,11187,4,4,TRUE,TRUE,TRUE,TRUE,NULL
SOS2,11188,2,3,TRUE,TRUE,NULL,FALSE,NULL
SPINK1,11244,2,3,TRUE,NULL,TRUE,FALSE,NULL
SPRED1,20249,3,4,TRUE,FALSE,TRUE,TRUE,NULL
SQSTM1,11280,3,3,TRUE,TRUE,TRUE,NULL,NULL
SRGAP1,17382,2,4,TRUE,FALSE,TRUE,FALSE,NULL
STAT1,11362,1,1,TRUE,NULL,NULL,NULL,NULL
STAT3,11364,5,5,TRUE,TRUE,TRUE,TRUE,TRUE
STK11,11389,5,5,TRUE,TRUE,TRUE,TRUE,TRUE
STN1,26200,2,3,TRUE,TRUE,NULL,FALSE,NULL
STX11,11429,2,3,TRUE,TRUE,NULL,FALSE,NULL
STXBP2,11445,2,3,TRUE,TRUE,NULL,FALSE,NULL
SUFU,16466,5,5,TRUE,TRUE,TRUE,TRUE,TRUE
TBXT,11515,3,3,TRUE,TRUE,TRUE,NULL,NULL
TERC,11727,4,4,TRUE,TRUE,TRUE,TRUE,NULL
TERF2IP,19246,2,2,TRUE,NULL,NULL,TRUE,NULL
TERT,11730,5,5,TRUE,TRUE,TRUE,TRUE,TRUE
TINF2,11824,3,3,TRUE,TRUE,NULL,TRUE,NULL
TMEM127,26038,4,5,TRUE,TRUE,TRUE,TRUE,FALSE
TNFRSF11A,11908,1,2,TRUE,FALSE,NULL,NULL,NULL
TNIP1,16903,1,1,TRUE,NULL,NULL,NULL,NULL
TP53,11998,5,5,TRUE,TRUE,TRUE,TRUE,TRUE
TRIM28,16384,2,3,TRUE,TRUE,NULL,FALSE,NULL
TRIM37,7523,3,4,TRUE,TRUE,TRUE,FALSE,NULL
TRIP13,12307,4,4,TRUE,TRUE,TRUE,TRUE,NULL
TSC1,12362,5,5,TRUE,TRUE,TRUE,TRUE,TRUE
TSC2,12363,5,5,TRUE,TRUE,TRUE,TRUE,TRUE
TSR2,25455,2,2,TRUE,TRUE,NULL,NULL,NULL
UBE2T,25009,4,4,TRUE,TRUE,TRUE,TRUE,NULL
UNC13D,23147,3,3,TRUE,TRUE,NULL,TRUE,NULL
VHL,12687,5,5,TRUE,TRUE,TRUE,TRUE,TRUE
WAS,12731,4,5,TRUE,TRUE,TRUE,TRUE,FALSE
WRAP53,25522,4,4,TRUE,TRUE,TRUE,TRUE,NULL
WRN,12791,4,5,TRUE,TRUE,TRUE,TRUE,FALSE
WT1,12796,5,5,TRUE,TRUE,TRUE,TRUE,TRUE
XPA,12814,4,5,TRUE,TRUE,TRUE,TRUE,FALSE
XPC,12816,4,5,TRUE,TRUE,TRUE,TRUE,FALSE
XRCC2,12829,3,3,TRUE,TRUE,NULL,TRUE,NULL
YAP1,16262,1,1,TRUE,NULL,NULL,NULL,NULL
ACTRT1,24027,0,1,NULL,FALSE,NULL,NULL,NULL
ADM,259,0,1,NULL,FALSE,NULL,NULL,NULL
AR,644,2,3,NULL,FALSE,TRUE,NULL,TRUE
ASXL1,18318,3,3,NULL,TRUE,TRUE,NULL,TRUE
ATRIP,33499,0,1,NULL,FALSE,NULL,NULL,NULL
CIB1,16920,1,2,NULL,FALSE,TRUE,NULL,NULL
CTCF,13723,0,2,NULL,FALSE,NULL,NULL,FALSE
DGCR8,2847,0,2,NULL,FALSE,NULL,NULL,FALSE
DIRAS3,687,0,1,NULL,FALSE,NULL,NULL,NULL
DLST,2911,3,3,NULL,TRUE,TRUE,TRUE,NULL
ELAC2,14198,0,1,NULL,FALSE,NULL,NULL,NULL
ELOC,11617,0,1,NULL,FALSE,NULL,NULL,NULL
ELP1,5959,2,3,NULL,TRUE,TRUE,FALSE,NULL
ENG,3349,0,1,NULL,FALSE,NULL,NULL,NULL
EPAS1,3374,2,3,NULL,TRUE,NULL,TRUE,FALSE
ESR1,3467,2,3,NULL,FALSE,TRUE,NULL,TRUE
FBXW7,16712,2,2,NULL,TRUE,NULL,NULL,TRUE
FGF23,3680,0,1,NULL,FALSE,NULL,NULL,NULL
FGFR2,3689,2,3,NULL,FALSE,TRUE,NULL,TRUE
FGFR3,3690,2,3,NULL,FALSE,TRUE,NULL,TRUE
FOXO1,3819,1,3,NULL,FALSE,TRUE,NULL,FALSE
FOXO3,3821,0,2,NULL,FALSE,NULL,NULL,FALSE
GALNT3,4125,0,1,NULL,FALSE,NULL,NULL,NULL
GDNF,4232,0,1,NULL,FALSE,NULL,NULL,NULL
GLA,4296,0,1,NULL,FALSE,NULL,NULL,NULL
GNAS,4392,2,4,NULL,FALSE,TRUE,FALSE,TRUE
GPC4,4452,0,2,NULL,FALSE,NULL,FALSE,NULL
GPR161,23694,2,2,NULL,TRUE,TRUE,NULL,NULL
HABP2,4798,1,3,NULL,FALSE,TRUE,FALSE,NULL
HPLH1,23824,0,1,NULL,FALSE,NULL,NULL,NULL
IGF2,5466,0,1,NULL,FALSE,NULL,NULL,NULL
IRF4,6119,0,2,NULL,FALSE,NULL,NULL,FALSE
KDM3B,1337,1,1,NULL,TRUE,NULL,NULL,NULL
KISS1R,4510,0,1,NULL,FALSE,NULL,NULL,NULL
KLLN,37212,1,2,NULL,FALSE,TRUE,NULL,NULL
KRT17,6427,1,2,NULL,FALSE,TRUE,NULL,NULL
LEF1,6551,0,2,NULL,FALSE,NULL,NULL,FALSE
LEMD3,28887,1,1,NULL,TRUE,NULL,NULL,NULL
MBD4,6919,3,3,NULL,TRUE,TRUE,TRUE,NULL
MC1R,6929,1,2,NULL,FALSE,NULL,TRUE,NULL
MINPP1,7102,1,2,NULL,FALSE,TRUE,NULL,NULL
MSH5,7328,0,1,NULL,FALSE,NULL,NULL,NULL
MSR1,7376,1,2,NULL,FALSE,TRUE,NULL,NULL
NDUFA13,17194,0,1,NULL,FALSE,NULL,NULL,NULL
NFIX,7788,1,2,NULL,FALSE,TRUE,NULL,NULL
NKX2-1,11825,1,4,NULL,FALSE,TRUE,FALSE,FALSE
NOTCH3,7883,2,2,NULL,TRUE,TRUE,NULL,NULL
NTRK1,8031,0,2,NULL,FALSE,NULL,NULL,FALSE
NYNRIN,20165,1,1,NULL,TRUE,NULL,NULL,NULL
PAX3,8617,1,3,NULL,FALSE,TRUE,NULL,FALSE
PAX6,8620,0,1,NULL,FALSE,NULL,NULL,NULL
PAX7,8621,1,3,NULL,FALSE,TRUE,NULL,FALSE
PORCN,17652,1,2,NULL,FALSE,TRUE,NULL,NULL
PPM1D,9277,1,4,NULL,FALSE,TRUE,FALSE,FALSE
PRDM10,13995,0,1,NULL,FALSE,NULL,NULL,NULL
PTCH2,9586,3,3,NULL,TRUE,TRUE,TRUE,NULL
PTCSC1,37127,0,1,NULL,FALSE,NULL,NULL,NULL
PTCSC3,43959,0,1,NULL,FALSE,NULL,NULL,NULL
PTPN12,9645,1,2,NULL,FALSE,TRUE,NULL,NULL
RABL3,18072,2,3,NULL,FALSE,TRUE,TRUE,NULL
RAD21,9811,2,3,NULL,TRUE,TRUE,NULL,FALSE
RAD54L,9826,1,2,NULL,FALSE,TRUE,NULL,NULL
RNASEL,10050,1,2,NULL,FALSE,TRUE,NULL,NULL
RRAS2,17271,1,2,NULL,FALSE,TRUE,NULL,NULL
SAMD9,1348,2,3,NULL,FALSE,TRUE,TRUE,NULL
SASH1,19182,1,2,NULL,FALSE,TRUE,NULL,NULL
SLC25A11,10981,2,3,NULL,TRUE,TRUE,FALSE,NULL
SLC26A3,3018,0,1,NULL,FALSE,NULL,NULL,NULL
SMAD9,6774,0,1,NULL,FALSE,NULL,NULL,NULL
SPOP,11254,1,2,NULL,FALSE,NULL,NULL,TRUE
SRC,11283,1,4,NULL,FALSE,TRUE,FALSE,FALSE
SRRM2,16639,0,1,NULL,FALSE,NULL,NULL,NULL
TG,11764,1,2,NULL,FALSE,TRUE,NULL,NULL
TMC6,18021,1,2,NULL,FALSE,TRUE,NULL,NULL
TMC8,20474,1,2,NULL,FALSE,TRUE,NULL,NULL
UBA2,30661,0,1,NULL,FALSE,NULL,NULL,NULL
VDR,12679,0,1,NULL,FALSE,NULL,NULL,NULL
VTRNA2-1,37054,0,1,NULL,FALSE,NULL,NULL,NULL
ABCA5,35,1,1,NULL,NULL,TRUE,NULL,NULL
ABCB11,42,1,1,NULL,NULL,TRUE,NULL,NULL
ABL1,76,2,2,NULL,NULL,TRUE,NULL,TRUE
ACAN,319,1,1,NULL,NULL,TRUE,NULL,NULL
ACVR1,171,1,2,NULL,NULL,TRUE,NULL,FALSE
ADA,186,1,1,NULL,NULL,TRUE,NULL,NULL
ADA2,1839,1,2,NULL,NULL,TRUE,FALSE,NULL
ADH5,253,1,1,NULL,NULL,TRUE,NULL,NULL
ALX3,449,1,1,NULL,NULL,TRUE,NULL,NULL
ANTXR1,21014,1,1,NULL,NULL,TRUE,NULL,NULL
ANTXR2,21732,1,1,NULL,NULL,TRUE,NULL,NULL
AP2S1,565,1,1,NULL,NULL,TRUE,NULL,NULL
ARHGAP26,17073,1,2,NULL,NULL,TRUE,NULL,FALSE
ASCC1,24268,1,1,NULL,NULL,TRUE,NULL,NULL
ASPSCR1,13825,1,2,NULL,NULL,TRUE,NULL,FALSE
ATP2B1,814,1,1,NULL,NULL,TRUE,NULL,NULL
ATP7A,869,1,1,NULL,NULL,TRUE,NULL,NULL
ATP7B,870,1,1,NULL,NULL,TRUE,NULL,NULL
AURKA,11393,1,1,NULL,NULL,TRUE,NULL,NULL
AXIN1,903,2,2,NULL,NULL,TRUE,NULL,TRUE
BAX,959,1,2,NULL,NULL,TRUE,NULL,FALSE
BCL10,989,1,2,NULL,NULL,TRUE,NULL,FALSE
BCR,1014,1,2,NULL,NULL,TRUE,NULL,FALSE
BMP2,1069,1,1,NULL,NULL,TRUE,NULL,NULL
BMPER,24154,1,1,NULL,NULL,TRUE,NULL,NULL
BTK,1133,1,3,NULL,NULL,TRUE,FALSE,FALSE
BUB1,1148,1,2,NULL,NULL,TRUE,FALSE,NULL
C1S,1247,1,1,NULL,NULL,TRUE,NULL,NULL
C2CD3,24564,1,1,NULL,NULL,TRUE,NULL,NULL
CALR,1455,2,2,NULL,NULL,TRUE,NULL,TRUE
CARMIL2,27089,1,1,NULL,NULL,TRUE,NULL,NULL
CASP10,1500,1,2,NULL,NULL,TRUE,FALSE,NULL
CASP8,1509,1,2,NULL,NULL,TRUE,NULL,FALSE
CCL2,10618,1,1,NULL,NULL,TRUE,NULL,NULL
CCM2,21708,1,1,NULL,NULL,TRUE,NULL,NULL
CCND1,1582,1,2,NULL,NULL,TRUE,NULL,FALSE
CD27,11922,1,2,NULL,NULL,TRUE,FALSE,NULL
CD4,1678,1,1,NULL,NULL,TRUE,NULL,NULL
CD70,11937,2,2,NULL,NULL,TRUE,TRUE,NULL
CDH23,13733,1,1,NULL,NULL,TRUE,NULL,NULL
CEP120,26690,1,1,NULL,NULL,TRUE,NULL,NULL
CHIC2,1935,1,2,NULL,NULL,TRUE,NULL,FALSE
CHRNG,1967,1,1,NULL,NULL,TRUE,NULL,NULL
COG1,6545,1,1,NULL,NULL,TRUE,NULL,NULL
COL2A1,2200,1,2,NULL,NULL,TRUE,NULL,FALSE
COL4A5,2207,1,1,NULL,NULL,TRUE,NULL,NULL
CPLANE1,25801,1,1,NULL,NULL,TRUE,NULL,NULL
CREB1,2345,1,2,NULL,NULL,TRUE,NULL,FALSE
CTHRC1,18831,1,1,NULL,NULL,TRUE,NULL,NULL
CTPS1,2519,1,2,NULL,NULL,TRUE,FALSE,NULL
CTSA,9251,1,1,NULL,NULL,TRUE,NULL,NULL
CXCR4,2561,2,3,NULL,NULL,TRUE,FALSE,TRUE
CYP2A6,2610,1,1,NULL,NULL,TRUE,NULL,NULL
CYP2D6,2625,1,1,NULL,NULL,TRUE,NULL,NULL
DCC,2701,1,2,NULL,NULL,TRUE,NULL,FALSE
DDR2,2731,1,2,NULL,NULL,TRUE,NULL,FALSE
DDX59,25360,1,1,NULL,NULL,TRUE,NULL,NULL
DEF6,2760,1,1,NULL,NULL,TRUE,NULL,NULL
DHCR24,2859,1,1,NULL,NULL,TRUE,NULL,NULL
DHCR7,2860,1,1,NULL,NULL,TRUE,NULL,NULL
DHH,2865,1,1,NULL,NULL,TRUE,NULL,NULL
DLC1,2897,1,1,NULL,NULL,TRUE,NULL,NULL
DPM1,3005,1,1,NULL,NULL,TRUE,NULL,NULL
DUT,3078,1,1,NULL,NULL,TRUE,NULL,NULL
DYNC2H1,2962,1,1,NULL,NULL,TRUE,NULL,NULL
DYNC2LI1,24595,1,1,NULL,NULL,TRUE,NULL,NULL
EIF2AK4,19687,1,1,NULL,NULL,TRUE,NULL,NULL
EIF3F,3275,1,1,NULL,NULL,TRUE,NULL,NULL
EP300,3373,2,2,NULL,NULL,TRUE,NULL,TRUE
EPHB2,3393,1,1,NULL,NULL,TRUE,NULL,NULL
ERBB3,3431,2,2,NULL,NULL,TRUE,NULL,TRUE
ERCC6,3438,1,1,NULL,NULL,TRUE,NULL,NULL
ESCO2,27230,1,1,NULL,NULL,TRUE,NULL,NULL
EWSR1,3508,1,2,NULL,NULL,TRUE,NULL,FALSE
EYA1,3519,1,1,NULL,NULL,TRUE,NULL,NULL
F5,3542,1,2,NULL,NULL,TRUE,FALSE,NULL
FAH,3579,1,1,NULL,NULL,TRUE,NULL,NULL
FAM20A,23015,1,1,NULL,NULL,TRUE,NULL,NULL
FASLG,11936,1,2,NULL,NULL,TRUE,FALSE,NULL
FBXO28,29046,1,1,NULL,NULL,TRUE,NULL,NULL
FCHO1,29002,1,1,NULL,NULL,TRUE,NULL,NULL
FCN3,3625,1,1,NULL,NULL,TRUE,NULL,NULL
FGFR1,3688,1,2,NULL,NULL,TRUE,NULL,FALSE
FIBP,3705,1,1,NULL,NULL,TRUE,NULL,NULL
FLNA,3754,1,3,NULL,NULL,TRUE,FALSE,FALSE
FLT3,3765,2,2,NULL,NULL,TRUE,NULL,TRUE
FLT4,3767,2,2,NULL,NULL,TRUE,NULL,TRUE
FUZ,26219,1,1,NULL,NULL,TRUE,NULL,NULL
FZD2,4040,1,1,NULL,NULL,TRUE,NULL,NULL
G6PC1,4056,1,1,NULL,NULL,TRUE,NULL,NULL
GCM2,4198,1,1,NULL,NULL,TRUE,NULL,NULL
GFI1,4237,1,2,NULL,NULL,TRUE,FALSE,NULL
GIMAP5,18005,1,1,NULL,NULL,TRUE,NULL,NULL
GINS1,28980,1,2,NULL,NULL,TRUE,FALSE,NULL
GLI3,4319,1,1,NULL,NULL,TRUE,NULL,NULL
GNB1,4396,1,1,NULL,NULL,TRUE,NULL,NULL
GNPTAB,29670,1,1,NULL,NULL,TRUE,NULL,NULL
GPC6,4454,1,1,NULL,NULL,TRUE,NULL,NULL
GPR101,14963,1,2,NULL,NULL,TRUE,FALSE,NULL
GTF2H5,21157,1,1,NULL,NULL,TRUE,NULL,NULL
H4C5,4790,1,1,NULL,NULL,TRUE,NULL,NULL
H4C9,4793,1,2,NULL,NULL,TRUE,NULL,FALSE
HEATR3,26087,1,1,NULL,NULL,TRUE,NULL,NULL
HLA-DQA1,4942,1,1,NULL,NULL,TRUE,NULL,NULL
HLA-DQB1,4944,1,1,NULL,NULL,TRUE,NULL,NULL
HMMR,5012,1,1,NULL,NULL,TRUE,NULL,NULL
HNF1A,11621,3,3,NULL,NULL,TRUE,TRUE,TRUE
HNF1B,11630,1,2,NULL,NULL,TRUE,FALSE,NULL
HS2ST1,5193,1,1,NULL,NULL,TRUE,NULL,NULL
HSCB,28913,1,1,NULL,NULL,TRUE,NULL,NULL
HSPA9,5244,1,1,NULL,NULL,TRUE,NULL,NULL
IFNG,5438,1,1,NULL,NULL,TRUE,NULL,NULL
IGF2R,5467,1,1,NULL,NULL,TRUE,NULL,NULL
IKZF3,13178,1,2,NULL,NULL,TRUE,NULL,FALSE
IL1B,5992,1,1,NULL,NULL,TRUE,NULL,NULL
IL1RN,6000,1,1,NULL,NULL,TRUE,NULL,NULL
IL6,6018,1,1,NULL,NULL,TRUE,NULL,NULL
IL6ST,6021,1,2,NULL,NULL,TRUE,NULL,FALSE
IL7,6023,1,1,NULL,NULL,TRUE,NULL,NULL
ING1,6062,1,1,NULL,NULL,TRUE,NULL,NULL
INTU,29239,1,1,NULL,NULL,TRUE,NULL,NULL
IPO8,9853,1,1,NULL,NULL,TRUE,NULL,NULL
IRF1,6116,1,1,NULL,NULL,TRUE,NULL,NULL
IVNS1ABP,16951,1,1,NULL,NULL,TRUE,NULL,NULL
JAG1,6188,1,1,NULL,NULL,TRUE,NULL,NULL
KARS1,6215,1,1,NULL,NULL,TRUE,NULL,NULL
KCNH1,6250,1,1,NULL,NULL,TRUE,NULL,NULL
KCTD1,18249,1,1,NULL,NULL,TRUE,NULL,NULL
KDM6B,29012,1,1,NULL,NULL,TRUE,NULL,NULL
KDR,6307,2,2,NULL,NULL,TRUE,NULL,TRUE
KLF6,2235,1,2,NULL,NULL,TRUE,NULL,FALSE
KLHDC8B,28557,1,1,NULL,NULL,TRUE,NULL,NULL
KRIT1,1573,1,1,NULL,NULL,TRUE,NULL,NULL
KRT6B,6444,1,1,NULL,NULL,TRUE,NULL,NULL
LPP,6679,1,2,NULL,NULL,TRUE,NULL,FALSE
LRBA,1742,1,1,NULL,NULL,TRUE,NULL,NULL
LZTS1,13861,1,1,NULL,NULL,TRUE,NULL,NULL
MAD1L1,6762,1,1,NULL,NULL,TRUE,NULL,NULL
MAFA,23145,1,1,NULL,NULL,TRUE,NULL,NULL
MAGT1,28880,2,2,NULL,NULL,TRUE,TRUE,NULL
MAN2C1,6827,1,1,NULL,NULL,TRUE,NULL,NULL
MAP3K8,6860,1,1,NULL,NULL,TRUE,NULL,NULL
MCC,6935,1,1,NULL,NULL,TRUE,NULL,NULL
MCM4,6947,1,1,NULL,NULL,TRUE,NULL,NULL
MDM4,6974,1,2,NULL,NULL,TRUE,NULL,FALSE
MGAT2,7045,1,1,NULL,NULL,TRUE,NULL,NULL
MLLT10,16063,1,2,NULL,NULL,TRUE,NULL,FALSE
MMP1,7155,1,1,NULL,NULL,TRUE,NULL,NULL
MN1,7180,1,2,NULL,NULL,TRUE,NULL,FALSE
MNX1,4979,1,2,NULL,NULL,TRUE,NULL,FALSE
MPL,7217,3,3,NULL,NULL,TRUE,TRUE,TRUE
MPV17,7224,1,1,NULL,NULL,TRUE,NULL,NULL
MSL3,7370,1,1,NULL,NULL,TRUE,NULL,NULL
MST1R,7381,1,1,NULL,NULL,TRUE,NULL,NULL
MSTO1,29678,1,1,NULL,NULL,TRUE,NULL,NULL
MUC5B,7516,1,1,NULL,NULL,TRUE,NULL,NULL
MVK,7530,1,1,NULL,NULL,TRUE,NULL,NULL
MXI1,7534,1,1,NULL,NULL,TRUE,NULL,NULL
MYC,7553,2,2,NULL,NULL,TRUE,NULL,TRUE
MYD88,7562,2,2,NULL,NULL,TRUE,NULL,TRUE
MYH11,7569,1,2,NULL,NULL,TRUE,NULL,FALSE
MYH8,7578,1,1,NULL,NULL,TRUE,NULL,NULL
NDUFAF6,28625,1,1,NULL,NULL,TRUE,NULL,NULL
NEK1,7744,1,1,NULL,NULL,TRUE,NULL,NULL
NLRP1,14374,1,1,NULL,NULL,TRUE,NULL,NULL
NOTCH1,7881,2,2,NULL,NULL,TRUE,NULL,TRUE
NPM1,7910,2,3,NULL,NULL,TRUE,FALSE,TRUE
NQO2,7856,1,1,NULL,NULL,TRUE,NULL,NULL
NR4A3,7982,1,2,NULL,NULL,TRUE,NULL,FALSE
NUMA1,8059,1,2,NULL,NULL,TRUE,NULL,FALSE
NUP214,8064,1,2,NULL,NULL,TRUE,NULL,FALSE
OFD1,2567,1,1,NULL,NULL,TRUE,NULL,NULL
OGG1,8125,1,1,NULL,NULL,TRUE,NULL,NULL
OPCML,8143,1,1,NULL,NULL,TRUE,NULL,NULL
PALLD,17068,1,2,NULL,NULL,TRUE,FALSE,NULL
PBRM1,30064,2,2,NULL,NULL,TRUE,NULL,TRUE
PCGF2,12929,1,1,NULL,NULL,TRUE,NULL,NULL
PDCD10,8761,1,1,NULL,NULL,TRUE,NULL,NULL
PDGFB,8800,1,2,NULL,NULL,TRUE,NULL,FALSE
PDGFRL,8805,1,1,NULL,NULL,TRUE,NULL,NULL
PGM3,8907,2,2,NULL,NULL,TRUE,TRUE,NULL
PHB1,8912,1,1,NULL,NULL,TRUE,NULL,NULL
PICALM,15514,1,2,NULL,NULL,TRUE,NULL,FALSE
PIEZO2,26270,1,1,NULL,NULL,TRUE,NULL,NULL
PIGL,8966,1,1,NULL,NULL,TRUE,NULL,NULL
PLA2G2A,9031,1,1,NULL,NULL,TRUE,NULL,NULL
PLAG1,9045,1,2,NULL,NULL,TRUE,NULL,FALSE
PNP,7892,1,1,NULL,NULL,TRUE,NULL,NULL
POU6F2,21694,1,1,NULL,NULL,TRUE,NULL,NULL
PPP2R1B,9303,1,1,NULL,NULL,TRUE,NULL,NULL
PRCC,9343,1,2,NULL,NULL,TRUE,NULL,FALSE
PRKCD,9399,1,1,NULL,NULL,TRUE,NULL,NULL
PRLR,9446,1,1,NULL,NULL,TRUE,NULL,NULL
PSENEN,30100,1,1,NULL,NULL,TRUE,NULL,NULL
PTPRC,9666,1,2,NULL,NULL,TRUE,NULL,FALSE
PTPRJ,9673,1,1,NULL,NULL,TRUE,NULL,NULL
RAD54B,17228,1,1,NULL,NULL,TRUE,NULL,NULL
RARA,9864,1,2,NULL,NULL,TRUE,NULL,FALSE
RASA1,9871,1,1,NULL,NULL,TRUE,NULL,NULL
RASGRP1,9878,1,2,NULL,NULL,TRUE,FALSE,NULL
RB1CC1,15574,1,1,NULL,NULL,TRUE,NULL,NULL
RBM8A,9905,2,2,NULL,NULL,TRUE,TRUE,NULL
RFWD3,25539,1,2,NULL,NULL,TRUE,NULL,FALSE
RHOH,686,1,2,NULL,NULL,TRUE,NULL,FALSE
RNF139,17023,1,1,NULL,NULL,TRUE,NULL,NULL
RNF6,10069,1,1,NULL,NULL,TRUE,NULL,NULL
RPA1,10289,1,1,NULL,NULL,TRUE,NULL,NULL
RPS14,10387,1,1,NULL,NULL,TRUE,NULL,NULL
RSPO1,21679,1,1,NULL,NULL,TRUE,NULL,NULL
SASH3,15975,1,1,NULL,NULL,TRUE,NULL,NULL
SEC23A,10701,1,1,NULL,NULL,TRUE,NULL,NULL
SERPINA1,8941,1,1,NULL,NULL,TRUE,NULL,NULL
SF3B1,10768,2,2,NULL,NULL,TRUE,NULL,TRUE
SFTPA2,10799,1,1,NULL,NULL,TRUE,NULL,NULL
SH3GL1,10830,1,2,NULL,NULL,TRUE,NULL,FALSE
SH3KBP1,13867,1,1,NULL,NULL,TRUE,NULL,NULL
SHOX,10853,1,1,NULL,NULL,TRUE,NULL,NULL
SLC22A18,10964,1,1,NULL,NULL,TRUE,NULL,NULL
SLC25A13,10983,1,1,NULL,NULL,TRUE,NULL,NULL
SLC26A2,10994,1,1,NULL,NULL,TRUE,NULL,NULL
SLC26A4,8818,1,1,NULL,NULL,TRUE,NULL,NULL
SLC37A4,4061,1,2,NULL,NULL,TRUE,FALSE,NULL
SMAD7,6773,1,1,NULL,NULL,TRUE,NULL,NULL
SMARCAD1,18398,1,1,NULL,NULL,TRUE,NULL,NULL
SMARCD2,11107,1,2,NULL,NULL,TRUE,FALSE,NULL
SMO,11119,2,2,NULL,NULL,TRUE,NULL,TRUE
SOCS1,19383,1,2,NULL,NULL,TRUE,NULL,FALSE
SOX2,11195,1,2,NULL,NULL,TRUE,NULL,FALSE
SOX6,16421,1,1,NULL,NULL,TRUE,NULL,NULL
SPEN,17575,2,2,NULL,NULL,TRUE,NULL,TRUE
SPRTN,25356,1,1,NULL,NULL,TRUE,NULL,NULL
SPTBN1,11275,1,1,NULL,NULL,TRUE,NULL,NULL
SRD5A3,25812,1,1,NULL,NULL,TRUE,NULL,NULL
SRP72,11303,2,2,NULL,NULL,TRUE,TRUE,NULL
SRY,11311,1,1,NULL,NULL,TRUE,NULL,NULL
SSX2,11336,1,2,NULL,NULL,TRUE,NULL,FALSE
STAG3,11356,1,1,NULL,NULL,TRUE,NULL,NULL
STIM1,11386,1,1,NULL,NULL,TRUE,NULL,NULL
STK4,11408,1,1,NULL,NULL,TRUE,NULL,NULL
STS,11425,1,1,NULL,NULL,TRUE,NULL,NULL
SYK,11491,1,2,NULL,NULL,TRUE,NULL,FALSE
TAF15,11547,1,2,NULL,NULL,TRUE,NULL,FALSE
TAL1,11556,1,2,NULL,NULL,TRUE,NULL,FALSE
TAL2,11557,1,2,NULL,NULL,TRUE,NULL,FALSE
TBX2,11597,1,1,NULL,NULL,TRUE,NULL,NULL
TCF3,11633,1,2,NULL,NULL,TRUE,NULL,FALSE
TCTN3,24519,1,1,NULL,NULL,TRUE,NULL,NULL
TET2,25941,2,3,NULL,NULL,TRUE,FALSE,TRUE
TFAP2A,11742,1,1,NULL,NULL,TRUE,NULL,NULL
TFE3,11752,1,2,NULL,NULL,TRUE,NULL,FALSE
TGFBR1,11772,1,1,NULL,NULL,TRUE,NULL,NULL
TGFBR2,11773,2,3,NULL,NULL,TRUE,FALSE,TRUE
TIAM1,11805,1,1,NULL,NULL,TRUE,NULL,NULL
TJP2,11828,1,1,NULL,NULL,TRUE,NULL,NULL
TLR2,11848,1,1,NULL,NULL,TRUE,NULL,NULL
TMEM107,28128,1,1,NULL,NULL,TRUE,NULL,NULL
TNFRSF10B,11905,1,1,NULL,NULL,TRUE,NULL,NULL
TNFRSF13B,18153,1,1,NULL,NULL,TRUE,NULL,NULL
TNFRSF4,11918,1,1,NULL,NULL,TRUE,NULL,NULL
TPP2,12016,1,1,NULL,NULL,TRUE,NULL,NULL
TREX1,12269,1,1,NULL,NULL,TRUE,NULL,NULL
TTC7A,19750,1,1,NULL,NULL,TRUE,NULL,NULL
TUBB,20778,1,1,NULL,NULL,TRUE,NULL,NULL
TULP3,12425,1,1,NULL,NULL,TRUE,NULL,NULL
TWIST1,12428,1,1,NULL,NULL,TRUE,NULL,NULL
TYMS,12441,1,1,NULL,NULL,TRUE,NULL,NULL
UBA1,12469,1,1,NULL,NULL,TRUE,NULL,NULL
UROD,12591,1,1,NULL,NULL,TRUE,NULL,NULL
USP8,12631,1,2,NULL,NULL,TRUE,NULL,FALSE
VANGL1,15512,1,1,NULL,NULL,TRUE,NULL,NULL
VANGL2,15511,1,1,NULL,NULL,TRUE,NULL,NULL
VPS16,14584,1,1,NULL,NULL,TRUE,NULL,NULL
WDPCP,28027,1,1,NULL,NULL,TRUE,NULL,NULL
WNT10A,13829,1,1,NULL,NULL,TRUE,NULL,NULL
WWOX,12799,1,1,NULL,NULL,TRUE,NULL,NULL
XRCC3,12830,1,2,NULL,NULL,TRUE,FALSE,NULL
ZFHX3,777,2,2,NULL,NULL,TRUE,NULL,TRUE
ZSWIM6,29316,1,1,NULL,NULL,TRUE,NULL,NULL
ABCA3,33,0,1,NULL,NULL,NULL,FALSE,NULL
ABCB7,48,0,1,NULL,NULL,NULL,FALSE,NULL
ABCG5,13886,0,1,NULL,NULL,NULL,FALSE,NULL
ABCG8,13887,0,1,NULL,NULL,NULL,FALSE,NULL
ACTB,132,0,1,NULL,NULL,NULL,FALSE,NULL
ACTN1,163,0,1,NULL,NULL,NULL,FALSE,NULL
ACVRL1,175,0,1,NULL,NULL,NULL,FALSE,NULL
ADAMTS13,1366,0,1,NULL,NULL,NULL,FALSE,NULL
AK1,361,0,1,NULL,NULL,NULL,FALSE,NULL
AK2,362,0,1,NULL,NULL,NULL,FALSE,NULL
ALAS2,397,0,1,NULL,NULL,NULL,FALSE,NULL
AMN,14604,0,1,NULL,NULL,NULL,FALSE,NULL
ANK1,492,0,2,NULL,NULL,NULL,FALSE,FALSE
AP3B1,566,0,1,NULL,NULL,NULL,FALSE,NULL
AP3D1,568,0,1,NULL,NULL,NULL,FALSE,NULL
APOA1,600,0,1,NULL,NULL,NULL,FALSE,NULL
APOA2,601,0,1,NULL,NULL,NULL,FALSE,NULL
ARMC5,25781,0,1,NULL,NULL,NULL,FALSE,NULL
ARPC1B,704,0,1,NULL,NULL,NULL,FALSE,NULL
BLOC1S3,20914,0,1,NULL,NULL,NULL,FALSE,NULL
BLOC1S6,8549,0,1,NULL,NULL,NULL,FALSE,NULL
CARD11,16393,1,2,NULL,NULL,NULL,FALSE,TRUE
CD40LG,11935,0,1,NULL,NULL,NULL,FALSE,NULL
CD59,1689,0,1,NULL,NULL,NULL,FALSE,NULL
CDAN1,1713,0,1,NULL,NULL,NULL,FALSE,NULL
CDC42,1736,0,1,NULL,NULL,NULL,FALSE,NULL
CDIN1,26929,0,1,NULL,NULL,NULL,FALSE,NULL
CDKN1A,1784,0,2,NULL,NULL,NULL,FALSE,FALSE
CDKN2C,1789,0,2,NULL,NULL,NULL,FALSE,FALSE
CEP57,30794,1,1,NULL,NULL,NULL,TRUE,NULL
CFTR,1884,0,1,NULL,NULL,NULL,FALSE,NULL
CHEK1,1925,0,1,NULL,NULL,NULL,FALSE,NULL
CLCN7,2025,0,1,NULL,NULL,NULL,FALSE,NULL
CLPB,30664,0,1,NULL,NULL,NULL,FALSE,NULL
CSF2RA,2435,0,1,NULL,NULL,NULL,FALSE,NULL
CST3,2475,0,1,NULL,NULL,NULL,FALSE,NULL
CTLA4,2505,1,1,NULL,NULL,NULL,TRUE,NULL
CTSC,2528,0,1,NULL,NULL,NULL,FALSE,NULL
CUBN,2548,0,1,NULL,NULL,NULL,FALSE,NULL
CYB5R3,2873,0,1,NULL,NULL,NULL,FALSE,NULL
CYCS,19986,0,1,NULL,NULL,NULL,FALSE,NULL
DHFR,2861,0,1,NULL,NULL,NULL,FALSE,NULL
DIS3,20604,0,1,NULL,NULL,NULL,FALSE,NULL
DNASE2,2960,0,1,NULL,NULL,NULL,FALSE,NULL
DROSHA,17904,0,2,NULL,NULL,NULL,FALSE,FALSE
DTNBP1,17328,0,1,NULL,NULL,NULL,FALSE,NULL
EFL1,25789,0,1,NULL,NULL,NULL,FALSE,NULL
EGLN1,1232,1,1,NULL,NULL,NULL,TRUE,NULL
EGLN2,14660,0,1,NULL,NULL,NULL,FALSE,NULL
EPB41,3377,0,1,NULL,NULL,NULL,FALSE,NULL
EPB42,3381,0,1,NULL,NULL,NULL,FALSE,NULL
EPOR,3416,0,1,NULL,NULL,NULL,FALSE,NULL
ESR2,3468,0,1,NULL,NULL,NULL,FALSE,NULL
EXO1,3511,0,1,NULL,NULL,NULL,FALSE,NULL
F10,3528,0,1,NULL,NULL,NULL,FALSE,NULL
F11,3529,0,1,NULL,NULL,NULL,FALSE,NULL
F12,3530,0,1,NULL,NULL,NULL,FALSE,NULL
F13A1,3531,0,1,NULL,NULL,NULL,FALSE,NULL
F13B,3534,0,1,NULL,NULL,NULL,FALSE,NULL
F2,3535,0,1,NULL,NULL,NULL,FALSE,NULL
F7,3544,0,1,NULL,NULL,NULL,FALSE,NULL
F8,3546,0,1,NULL,NULL,NULL,FALSE,NULL
F9,3551,0,1,NULL,NULL,NULL,FALSE,NULL
FADD,3573,0,2,NULL,NULL,NULL,FALSE,FALSE
FAM111B,24200,0,1,NULL,NULL,NULL,FALSE,NULL
FAN1,29170,1,1,NULL,NULL,NULL,TRUE,NULL
FGA,3661,1,1,NULL,NULL,NULL,TRUE,NULL
FGB,3662,0,1,NULL,NULL,NULL,FALSE,NULL
FGG,3694,0,1,NULL,NULL,NULL,FALSE,NULL
FLI1,3749,0,2,NULL,NULL,NULL,FALSE,FALSE
FYB1,4036,0,1,NULL,NULL,NULL,FALSE,NULL
G6PC3,24861,0,1,NULL,NULL,NULL,FALSE,NULL
G6PD,4057,0,1,NULL,NULL,NULL,FALSE,NULL
GCLC,4311,0,1,NULL,NULL,NULL,FALSE,NULL
GFI1B,4238,0,1,NULL,NULL,NULL,FALSE,NULL
GGCX,4247,0,1,NULL,NULL,NULL,FALSE,NULL
GLRX5,20134,0,1,NULL,NULL,NULL,FALSE,NULL
GOT2,4433,0,1,NULL,NULL,NULL,FALSE,NULL
GP1BA,4439,0,1,NULL,NULL,NULL,FALSE,NULL
GP1BB,4440,0,1,NULL,NULL,NULL,FALSE,NULL
GP9,4444,0,1,NULL,NULL,NULL,FALSE,NULL
GPI,4458,0,1,NULL,NULL,NULL,FALSE,NULL
GPR143,20145,0,1,NULL,NULL,NULL,FALSE,NULL
GSN,4620,0,1,NULL,NULL,NULL,FALSE,NULL
GSS,4624,0,1,NULL,NULL,NULL,FALSE,NULL
H3-3A,4764,1,2,NULL,NULL,NULL,FALSE,TRUE
HBA1,4823,0,1,NULL,NULL,NULL,FALSE,NULL
HBA2,4824,0,1,NULL,NULL,NULL,FALSE,NULL
HBB,4827,0,1,NULL,NULL,NULL,FALSE,NULL
HK1,4922,0,1,NULL,NULL,NULL,FALSE,NULL
HMOX1,5013,0,1,NULL,NULL,NULL,FALSE,NULL
HOXA11,5101,0,2,NULL,NULL,NULL,FALSE,FALSE
HPS3,15597,0,1,NULL,NULL,NULL,FALSE,NULL
HPS4,15844,0,1,NULL,NULL,NULL,FALSE,NULL
HPS5,17022,0,1,NULL,NULL,NULL,FALSE,NULL
HPS6,18817,0,1,NULL,NULL,NULL,FALSE,NULL
IFNGR2,5440,0,1,NULL,NULL,NULL,FALSE,NULL
ITGA2,6137,0,1,NULL,NULL,NULL,FALSE,NULL
ITGA2B,6138,0,1,NULL,NULL,NULL,FALSE,NULL
ITGB3,6156,0,1,NULL,NULL,NULL,FALSE,NULL
JAGN1,26926,0,1,NULL,NULL,NULL,FALSE,NULL
KCNN4,6293,0,1,NULL,NULL,NULL,FALSE,NULL
KDM1A,29079,0,1,NULL,NULL,NULL,FALSE,NULL
KIF23,6392,0,1,NULL,NULL,NULL,FALSE,NULL
KITLG,6343,0,1,NULL,NULL,NULL,FALSE,NULL
KLF1,6345,0,1,NULL,NULL,NULL,FALSE,NULL
LAMTOR2,29796,0,1,NULL,NULL,NULL,FALSE,NULL
LMAN1,6631,0,1,NULL,NULL,NULL,FALSE,NULL
LPIN2,14450,0,1,NULL,NULL,NULL,FALSE,NULL
LYST,1968,0,1,NULL,NULL,NULL,FALSE,NULL
LYZ,6740,0,1,NULL,NULL,NULL,FALSE,NULL
MASTL,19042,0,1,NULL,NULL,NULL,FALSE,NULL
MCFD2,18451,0,1,NULL,NULL,NULL,FALSE,NULL
MCM8,16147,0,1,NULL,NULL,NULL,FALSE,NULL
MCM9,21484,0,1,NULL,NULL,NULL,FALSE,NULL
MECOM,3498,1,2,NULL,NULL,NULL,TRUE,FALSE
MERTK,7027,0,1,NULL,NULL,NULL,FALSE,NULL
MPIG6B,13937,0,1,NULL,NULL,NULL,FALSE,NULL
MRTFA,14334,1,2,NULL,NULL,NULL,TRUE,FALSE
MTHFD1,7432,0,1,NULL,NULL,NULL,FALSE,NULL
MTR,7468,0,1,NULL,NULL,NULL,FALSE,NULL
MYH9,7579,0,2,NULL,NULL,NULL,FALSE,FALSE
MYO5A,7602,0,2,NULL,NULL,NULL,FALSE,FALSE
NBEAL2,31928,0,1,NULL,NULL,NULL,FALSE,NULL
NPAT,7896,0,1,NULL,NULL,NULL,FALSE,NULL
NSUN2,25994,0,1,NULL,NULL,NULL,FALSE,NULL
NT5C3A,17820,0,1,NULL,NULL,NULL,FALSE,NULL
OCA2,8101,0,1,NULL,NULL,NULL,FALSE,NULL
P2RY12,18124,0,1,NULL,NULL,NULL,FALSE,NULL
PC,8636,0,1,NULL,NULL,NULL,FALSE,NULL
PDHA1,8806,0,1,NULL,NULL,NULL,FALSE,NULL
PDHX,21350,0,1,NULL,NULL,NULL,FALSE,NULL
PGK1,8896,0,1,NULL,NULL,NULL,FALSE,NULL
PIEZO1,28993,0,1,NULL,NULL,NULL,FALSE,NULL
PIK3CD,8977,0,1,NULL,NULL,NULL,FALSE,NULL
PKLR,9020,0,1,NULL,NULL,NULL,FALSE,NULL
PMS1,9121,0,2,NULL,NULL,NULL,FALSE,FALSE
PRKACG,9382,0,1,NULL,NULL,NULL,FALSE,NULL
PROC,9451,0,1,NULL,NULL,NULL,FALSE,NULL
PROS1,9456,0,1,NULL,NULL,NULL,FALSE,NULL
PUS1,15508,0,1,NULL,NULL,NULL,FALSE,NULL
RAB27A,9766,0,1,NULL,NULL,NULL,FALSE,NULL
RAB43,19983,0,1,NULL,NULL,NULL,FALSE,NULL
RAC2,9802,0,1,NULL,NULL,NULL,FALSE,NULL
RAD1,9806,0,1,NULL,NULL,NULL,FALSE,NULL
RASA2,9872,0,1,NULL,NULL,NULL,FALSE,NULL
RASGRP2,9879,0,1,NULL,NULL,NULL,FALSE,NULL
RBBP6,9889,0,1,NULL,NULL,NULL,FALSE,NULL
RECQL5,9950,0,1,NULL,NULL,NULL,FALSE,NULL
REN,9958,0,1,NULL,NULL,NULL,FALSE,NULL
RHAG,10006,0,1,NULL,NULL,NULL,FALSE,NULL
RNF168,26661,0,1,NULL,NULL,NULL,FALSE,NULL
RRAS,10447,0,1,NULL,NULL,NULL,FALSE,NULL
SCG5,10816,1,1,NULL,NULL,NULL,TRUE,NULL
SEMA4A,10729,0,1,NULL,NULL,NULL,FALSE,NULL
SERPINC1,775,0,1,NULL,NULL,NULL,FALSE,NULL
SERPINF2,9075,0,1,NULL,NULL,NULL,FALSE,NULL
SFTPA1,10798,0,1,NULL,NULL,NULL,FALSE,NULL
SFTPB,10801,0,1,NULL,NULL,NULL,FALSE,NULL
SFTPC,10802,0,1,NULL,NULL,NULL,FALSE,NULL
SLC11A2,10908,0,1,NULL,NULL,NULL,FALSE,NULL
SLC19A2,10938,0,1,NULL,NULL,NULL,FALSE,NULL
SLC25A38,26054,0,1,NULL,NULL,NULL,FALSE,NULL
SLC45A2,16472,1,1,NULL,NULL,NULL,TRUE,NULL
SLC46A1,30521,0,1,NULL,NULL,NULL,FALSE,NULL
SLC4A1,11027,0,1,NULL,NULL,NULL,FALSE,NULL
SLFN14,32689,0,1,NULL,NULL,NULL,FALSE,NULL
SMARCA2,11098,0,1,NULL,NULL,NULL,FALSE,NULL
SPTA1,11272,0,1,NULL,NULL,NULL,FALSE,NULL
SPTB,11274,0,1,NULL,NULL,NULL,FALSE,NULL
SRP54,11301,0,1,NULL,NULL,NULL,FALSE,NULL
SUCLG2,11450,0,1,NULL,NULL,NULL,FALSE,NULL
TBXA2R,11608,0,1,NULL,NULL,NULL,FALSE,NULL
TBXAS1,11609,0,1,NULL,NULL,NULL,FALSE,NULL
TCN2,11653,0,1,NULL,NULL,NULL,FALSE,NULL
TF,11740,0,1,NULL,NULL,NULL,FALSE,NULL
THBD,11784,0,1,NULL,NULL,NULL,FALSE,NULL
THPO,11795,0,1,NULL,NULL,NULL,FALSE,NULL
TMPRSS6,16517,0,1,NULL,NULL,NULL,FALSE,NULL
TNFRSF9,11924,0,1,NULL,NULL,NULL,FALSE,NULL
TP53I3,19373,0,1,NULL,NULL,NULL,FALSE,NULL
TPI1,12009,0,1,NULL,NULL,NULL,FALSE,NULL
TRNT1,17341,0,1,NULL,NULL,NULL,FALSE,NULL
TTR,12405,0,1,NULL,NULL,NULL,FALSE,NULL
TUBB1,16257,0,1,NULL,NULL,NULL,FALSE,NULL
TYR,12442,1,1,NULL,NULL,NULL,TRUE,NULL
TYRP1,12450,0,1,NULL,NULL,NULL,FALSE,NULL
USB1,25792,0,1,NULL,NULL,NULL,FALSE,NULL
USP45,20080,0,1,NULL,NULL,NULL,FALSE,NULL
VKORC1,23663,0,1,NULL,NULL,NULL,FALSE,NULL
VPS13B,2183,0,1,NULL,NULL,NULL,FALSE,NULL
VPS45,14579,0,1,NULL,NULL,NULL,FALSE,NULL
VWF,12726,0,1,NULL,NULL,NULL,FALSE,NULL
WDR1,12754,0,1,NULL,NULL,NULL,FALSE,NULL
WIPF1,12736,0,1,NULL,NULL,NULL,FALSE,NULL
WWP1,17004,0,1,NULL,NULL,NULL,FALSE,NULL
XIAP,592,0,1,NULL,NULL,NULL,FALSE,NULL
YARS2,24249,0,1,NULL,NULL,NULL,FALSE,NULL
ZCCHC8,25265,0,2,NULL,NULL,NULL,FALSE,FALSE
A1CF,24086,0,1,NULL,NULL,NULL,NULL,FALSE
ABI1,11320,0,1,NULL,NULL,NULL,NULL,FALSE
ABL2,77,0,1,NULL,NULL,NULL,NULL,FALSE
ACKR3,23692,0,1,NULL,NULL,NULL,NULL,FALSE
ACSL3,3570,0,1,NULL,NULL,NULL,NULL,FALSE
ACSL6,16496,0,1,NULL,NULL,NULL,NULL,FALSE
ACVR1B,172,0,1,NULL,NULL,NULL,NULL,FALSE
ACVR2A,173,0,1,NULL,NULL,NULL,NULL,FALSE
AFDN,7137,0,1,NULL,NULL,NULL,NULL,FALSE
AFF1,7135,0,1,NULL,NULL,NULL,NULL,FALSE
AFF3,6473,0,1,NULL,NULL,NULL,NULL,FALSE
AFF4,17869,0,1,NULL,NULL,NULL,NULL,FALSE
AKAP9,379,0,1,NULL,NULL,NULL,NULL,FALSE
AKT2,392,0,1,NULL,NULL,NULL,NULL,FALSE
AKT3,393,0,1,NULL,NULL,NULL,NULL,FALSE
ALDH2,404,0,1,NULL,NULL,NULL,NULL,FALSE
AMER1,26837,1,1,NULL,NULL,NULL,NULL,TRUE
APOBEC3B,17352,0,1,NULL,NULL,NULL,NULL,FALSE
ARAF,646,0,1,NULL,NULL,NULL,NULL,FALSE
ARHGAP35,4591,0,1,NULL,NULL,NULL,NULL,FALSE
ARHGAP5,675,0,1,NULL,NULL,NULL,NULL,FALSE
ARHGEF10,14103,0,1,NULL,NULL,NULL,NULL,FALSE
ARHGEF10L,25540,0,1,NULL,NULL,NULL,NULL,FALSE
ARHGEF12,14193,0,1,NULL,NULL,NULL,NULL,FALSE
ARID2,18037,1,1,NULL,NULL,NULL,NULL,TRUE
ARNT,700,0,1,NULL,NULL,NULL,NULL,FALSE
ASPM,19048,0,1,NULL,NULL,NULL,NULL,FALSE
ASXL2,23805,0,1,NULL,NULL,NULL,NULL,FALSE
ATF1,783,0,1,NULL,NULL,NULL,NULL,FALSE
ATIC,794,0,1,NULL,NULL,NULL,NULL,FALSE
ATP1A1,799,0,1,NULL,NULL,NULL,NULL,FALSE
ATP2B3,816,0,1,NULL,NULL,NULL,NULL,FALSE
B2M,914,0,1,NULL,NULL,NULL,NULL,FALSE
BAZ1A,960,0,1,NULL,NULL,NULL,NULL,FALSE
BCL11A,13221,0,1,NULL,NULL,NULL,NULL,FALSE
BCL11B,13222,0,1,NULL,NULL,NULL,NULL,FALSE
BCL2,990,0,1,NULL,NULL,NULL,NULL,FALSE
BCL2L12,13787,0,1,NULL,NULL,NULL,NULL,FALSE
BCL3,998,0,1,NULL,NULL,NULL,NULL,FALSE
BCL6,1001,0,1,NULL,NULL,NULL,NULL,FALSE
BCL7A,1004,0,1,NULL,NULL,NULL,NULL,FALSE
BCL9,1008,0,1,NULL,NULL,NULL,NULL,FALSE
BCL9L,23688,0,1,NULL,NULL,NULL,NULL,FALSE
BCLAF1,16863,0,1,NULL,NULL,NULL,NULL,FALSE
BCOR,20893,1,1,NULL,NULL,NULL,NULL,TRUE
BCORL1,25657,0,1,NULL,NULL,NULL,NULL,FALSE
BIRC3,591,0,1,NULL,NULL,NULL,NULL,FALSE
BIRC6,13516,0,1,NULL,NULL,NULL,NULL,FALSE
BMP5,1072,0,1,NULL,NULL,NULL,NULL,FALSE
BRD3,1104,0,1,NULL,NULL,NULL,NULL,FALSE
BRD4,13575,0,1,NULL,NULL,NULL,NULL,FALSE
BTG1,1130,0,1,NULL,NULL,NULL,NULL,FALSE
BTG2,1131,0,1,NULL,NULL,NULL,NULL,FALSE
PIERCE2,44654,0,1,NULL,NULL,NULL,NULL,FALSE
CACNA1D,1391,0,1,NULL,NULL,NULL,NULL,FALSE
CAMTA1,18806,0,1,NULL,NULL,NULL,NULL,FALSE
CANT1,19721,0,1,NULL,NULL,NULL,NULL,FALSE
CARS1,1493,0,1,NULL,NULL,NULL,NULL,FALSE
CASP3,1504,0,1,NULL,NULL,NULL,NULL,FALSE
CASP9,1511,0,1,NULL,NULL,NULL,NULL,FALSE
CBFA2T3,1537,0,1,NULL,NULL,NULL,NULL,FALSE
CBFB,1539,0,1,NULL,NULL,NULL,NULL,FALSE
CBLB,1542,0,1,NULL,NULL,NULL,NULL,FALSE
CBLC,15961,0,1,NULL,NULL,NULL,NULL,FALSE
CCDC6,18782,0,1,NULL,NULL,NULL,NULL,FALSE
CCNB1IP1,19437,0,1,NULL,NULL,NULL,NULL,FALSE
CCNC,1581,0,1,NULL,NULL,NULL,NULL,FALSE
CCND2,1583,0,1,NULL,NULL,NULL,NULL,FALSE
CCND3,1585,0,1,NULL,NULL,NULL,NULL,FALSE
CCNE1,1589,0,1,NULL,NULL,NULL,NULL,FALSE
CCR4,1605,0,1,NULL,NULL,NULL,NULL,FALSE
CCR7,1608,0,1,NULL,NULL,NULL,NULL,FALSE
CD209,1641,0,1,NULL,NULL,NULL,NULL,FALSE
CD274,17635,0,1,NULL,NULL,NULL,NULL,FALSE
CD28,1653,0,1,NULL,NULL,NULL,NULL,FALSE
CD74,1697,0,1,NULL,NULL,NULL,NULL,FALSE
CD79A,1698,0,1,NULL,NULL,NULL,NULL,FALSE
CD79B,1699,0,1,NULL,NULL,NULL,NULL,FALSE
CDH10,1749,0,1,NULL,NULL,NULL,NULL,FALSE
CDH11,1750,0,1,NULL,NULL,NULL,NULL,FALSE
CDH17,1756,0,1,NULL,NULL,NULL,NULL,FALSE
CDK12,24224,1,1,NULL,NULL,NULL,NULL,TRUE
CDK6,1777,0,1,NULL,NULL,NULL,NULL,FALSE
CDX2,1806,0,1,NULL,NULL,NULL,NULL,FALSE
CEP89,25907,0,1,NULL,NULL,NULL,NULL,FALSE
CHCHD7,28314,0,1,NULL,NULL,NULL,NULL,FALSE
CHD2,1917,0,1,NULL,NULL,NULL,NULL,FALSE
CHD4,1919,0,1,NULL,NULL,NULL,NULL,FALSE
CHST11,17422,0,1,NULL,NULL,NULL,NULL,FALSE
CIC,14214,1,1,NULL,NULL,NULL,NULL,TRUE
CIITA,7067,0,1,NULL,NULL,NULL,NULL,FALSE
CLIP1,10461,0,1,NULL,NULL,NULL,NULL,FALSE
CLP1,16999,0,1,NULL,NULL,NULL,NULL,FALSE
CLTC,2092,0,1,NULL,NULL,NULL,NULL,FALSE
CLTCL1,2093,0,1,NULL,NULL,NULL,NULL,FALSE
CNBD1,26663,0,1,NULL,NULL,NULL,NULL,FALSE
CNBP,13164,0,1,NULL,NULL,NULL,NULL,FALSE
CNOT3,7879,0,1,NULL,NULL,NULL,NULL,FALSE
CNTNAP2,13830,0,1,NULL,NULL,NULL,NULL,FALSE
CNTRL,1858,0,1,NULL,NULL,NULL,NULL,FALSE
COL1A1,2197,0,1,NULL,NULL,NULL,NULL,FALSE
COL3A1,2201,0,1,NULL,NULL,NULL,NULL,FALSE
COX6C,2285,0,1,NULL,NULL,NULL,NULL,FALSE
CPEB3,21746,0,1,NULL,NULL,NULL,NULL,FALSE
CREB3L1,18856,0,1,NULL,NULL,NULL,NULL,FALSE
CREB3L2,23720,0,1,NULL,NULL,NULL,NULL,FALSE
CRLF2,14281,0,1,NULL,NULL,NULL,NULL,FALSE
CRNKL1,15762,0,1,NULL,NULL,NULL,NULL,FALSE
CRTC1,16062,0,1,NULL,NULL,NULL,NULL,FALSE
CRTC3,26148,0,1,NULL,NULL,NULL,NULL,FALSE
CSF1R,2433,0,1,NULL,NULL,NULL,NULL,FALSE
CSMD3,19291,0,1,NULL,NULL,NULL,NULL,FALSE
CTNNA2,2510,0,1,NULL,NULL,NULL,NULL,FALSE
CTNND1,2515,0,1,NULL,NULL,NULL,NULL,FALSE
CTNND2,2516,0,1,NULL,NULL,NULL,NULL,FALSE
CUL3,2553,0,1,NULL,NULL,NULL,NULL,FALSE
CUX1,2557,0,1,NULL,NULL,NULL,NULL,FALSE
CYP2C8,2622,0,1,NULL,NULL,NULL,NULL,FALSE
CYSLTR2,18274,0,1,NULL,NULL,NULL,NULL,FALSE
DAXX,2681,0,1,NULL,NULL,NULL,NULL,FALSE
DCAF12L2,32950,0,1,NULL,NULL,NULL,NULL,FALSE
DCTN1,2711,0,1,NULL,NULL,NULL,NULL,FALSE
DDIT3,2726,0,1,NULL,NULL,NULL,NULL,FALSE
DDX10,2735,0,1,NULL,NULL,NULL,NULL,FALSE
DDX3X,2745,0,1,NULL,NULL,NULL,NULL,FALSE
DDX5,2746,0,1,NULL,NULL,NULL,NULL,FALSE
DDX6,2747,0,1,NULL,NULL,NULL,NULL,FALSE
DEK,2768,0,1,NULL,NULL,NULL,NULL,FALSE
DNAJB1,5270,0,1,NULL,NULL,NULL,NULL,FALSE
DNM2,2974,0,1,NULL,NULL,NULL,NULL,FALSE
DUX4L1,3082,0,1,NULL,NULL,NULL,NULL,FALSE
EBF1,3126,0,1,NULL,NULL,NULL,NULL,FALSE
ECT2L,21118,0,1,NULL,NULL,NULL,NULL,FALSE
EED,3188,0,1,NULL,NULL,NULL,NULL,FALSE
EIF1AX,3250,0,1,NULL,NULL,NULL,NULL,FALSE
EIF3E,3277,0,1,NULL,NULL,NULL,NULL,FALSE
EIF4A2,3284,0,1,NULL,NULL,NULL,NULL,FALSE
ELF3,3318,0,1,NULL,NULL,NULL,NULL,FALSE
ELF4,3319,0,1,NULL,NULL,NULL,NULL,FALSE
ELK4,3326,0,1,NULL,NULL,NULL,NULL,FALSE
ELL,23114,0,1,NULL,NULL,NULL,NULL,FALSE
ELN,3327,0,1,NULL,NULL,NULL,NULL,FALSE
EML4,1316,0,1,NULL,NULL,NULL,NULL,FALSE
EPHA3,3387,0,1,NULL,NULL,NULL,NULL,FALSE
EPHA7,3390,0,1,NULL,NULL,NULL,NULL,FALSE
EPS15,3419,0,1,NULL,NULL,NULL,NULL,FALSE
ERBB4,3432,1,1,NULL,NULL,NULL,NULL,TRUE
ERC1,17072,0,1,NULL,NULL,NULL,NULL,FALSE
ERG,3446,0,1,NULL,NULL,NULL,NULL,FALSE
ETNK1,24649,0,1,NULL,NULL,NULL,NULL,FALSE
ETV1,3490,0,1,NULL,NULL,NULL,NULL,FALSE
ETV4,3493,0,1,NULL,NULL,NULL,NULL,FALSE
ETV5,3494,0,1,NULL,NULL,NULL,NULL,FALSE
EZR,12691,0,1,NULL,NULL,NULL,NULL,FALSE
FAM131B,22202,0,1,NULL,NULL,NULL,NULL,FALSE
FAM135B,28029,0,1,NULL,NULL,NULL,NULL,FALSE
FAM47C,25301,0,1,NULL,NULL,NULL,NULL,FALSE
FAT1,3595,1,1,NULL,NULL,NULL,NULL,TRUE
FAT3,23112,0,1,NULL,NULL,NULL,NULL,FALSE
FBLN2,3601,0,1,NULL,NULL,NULL,NULL,FALSE
FBXO11,13590,0,1,NULL,NULL,NULL,NULL,FALSE
FCGR2B,3618,0,1,NULL,NULL,NULL,NULL,FALSE
FCRL4,18507,0,1,NULL,NULL,NULL,NULL,FALSE
FEN1,3650,0,1,NULL,NULL,NULL,NULL,FALSE
FES,3657,0,1,NULL,NULL,NULL,NULL,FALSE
FEV,18562,0,1,NULL,NULL,NULL,NULL,FALSE
CEP43,17012,0,1,NULL,NULL,NULL,NULL,FALSE
FGFR4,3691,0,1,NULL,NULL,NULL,NULL,FALSE
FHIT,3701,0,1,NULL,NULL,NULL,NULL,FALSE
FIP1L1,19124,0,1,NULL,NULL,NULL,NULL,FALSE
FKBP9,3725,0,1,NULL,NULL,NULL,NULL,FALSE
FNBP1,17069,0,1,NULL,NULL,NULL,NULL,FALSE
FOXA1,5021,0,1,NULL,NULL,NULL,NULL,FALSE
FOXL2,1092,1,1,NULL,NULL,NULL,NULL,TRUE
FOXO4,7139,0,1,NULL,NULL,NULL,NULL,FALSE
FOXP1,3823,0,1,NULL,NULL,NULL,NULL,FALSE
FOXR1,29980,0,1,NULL,NULL,NULL,NULL,FALSE
FSTL3,3973,0,1,NULL,NULL,NULL,NULL,FALSE
FUBP1,4004,0,1,NULL,NULL,NULL,NULL,FALSE
FUS,4010,0,1,NULL,NULL,NULL,NULL,FALSE
GAS7,4169,0,1,NULL,NULL,NULL,NULL,FALSE
GATA3,4172,1,1,NULL,NULL,NULL,NULL,TRUE
GLI1,4317,0,1,NULL,NULL,NULL,NULL,FALSE
GMPS,4378,0,1,NULL,NULL,NULL,NULL,FALSE
GOLGA5,4428,0,1,NULL,NULL,NULL,NULL,FALSE
GOLPH3,15452,0,1,NULL,NULL,NULL,NULL,FALSE
GOPC,17643,0,1,NULL,NULL,NULL,NULL,FALSE
GPC5,4453,0,1,NULL,NULL,NULL,NULL,FALSE
GPHN,15465,0,1,NULL,NULL,NULL,NULL,FALSE
GRIN2A,4585,1,1,NULL,NULL,NULL,NULL,TRUE
GRM3,4595,0,1,NULL,NULL,NULL,NULL,FALSE
H3-3B,4765,0,1,NULL,NULL,NULL,NULL,FALSE
HERPUD1,13744,0,1,NULL,NULL,NULL,NULL,FALSE
HEY1,4880,0,1,NULL,NULL,NULL,NULL,FALSE
HIF1A,4910,0,1,NULL,NULL,NULL,NULL,FALSE
HIP1,4913,0,1,NULL,NULL,NULL,NULL,FALSE
H3C2,4776,0,1,NULL,NULL,NULL,NULL,FALSE
HLA-A,4931,0,1,NULL,NULL,NULL,NULL,FALSE
HLF,4977,0,1,NULL,NULL,NULL,NULL,FALSE
HMGA1,5010,0,1,NULL,NULL,NULL,NULL,FALSE
HMGA2,5009,0,1,NULL,NULL,NULL,NULL,FALSE
HMGN2P46,26817,0,1,NULL,NULL,NULL,NULL,FALSE
HNRNPA2B1,5033,0,1,NULL,NULL,NULL,NULL,FALSE
HOOK3,23576,0,1,NULL,NULL,NULL,NULL,FALSE
HOXA13,5102,0,1,NULL,NULL,NULL,NULL,FALSE
HOXA9,5109,0,1,NULL,NULL,NULL,NULL,FALSE
HOXC11,5123,0,1,NULL,NULL,NULL,NULL,FALSE
HOXC13,5125,0,1,NULL,NULL,NULL,NULL,FALSE
HOXD11,5134,0,1,NULL,NULL,NULL,NULL,FALSE
HOXD13,5136,0,1,NULL,NULL,NULL,NULL,FALSE
HSP90AA1,5253,0,1,NULL,NULL,NULL,NULL,FALSE
HSP90AB1,5258,0,1,NULL,NULL,NULL,NULL,FALSE
ID3,5362,0,1,NULL,NULL,NULL,NULL,FALSE
IGF2BP2,28867,0,1,NULL,NULL,NULL,NULL,FALSE
IGH,5477,0,1,NULL,NULL,NULL,NULL,FALSE
IGK,5715,0,1,NULL,NULL,NULL,NULL,FALSE
IGL,5853,0,1,NULL,NULL,NULL,NULL,FALSE
IKBKB,5960,0,1,NULL,NULL,NULL,NULL,FALSE
IL2,6001,0,1,NULL,NULL,NULL,NULL,FALSE
IL21R,6006,0,1,NULL,NULL,NULL,NULL,FALSE
IL7R,6024,0,1,NULL,NULL,NULL,NULL,FALSE
IRS4,6128,0,1,NULL,NULL,NULL,NULL,FALSE
ISX,28084,0,1,NULL,NULL,NULL,NULL,FALSE
ITGAV,6150,0,1,NULL,NULL,NULL,NULL,FALSE
JAK1,6190,1,1,NULL,NULL,NULL,NULL,TRUE
JAK3,6193,1,1,NULL,NULL,NULL,NULL,TRUE
JAZF1,28917,0,1,NULL,NULL,NULL,NULL,FALSE
JUN,6204,0,1,NULL,NULL,NULL,NULL,FALSE
KAT6A,13013,0,1,NULL,NULL,NULL,NULL,FALSE
KAT6B,17582,0,1,NULL,NULL,NULL,NULL,FALSE
KAT7,17016,0,1,NULL,NULL,NULL,NULL,FALSE
KCNJ5,6266,1,1,NULL,NULL,NULL,NULL,TRUE
KDM5A,9886,0,1,NULL,NULL,NULL,NULL,FALSE
KDM5C,11114,1,1,NULL,NULL,NULL,NULL,TRUE
KDM6A,12637,1,1,NULL,NULL,NULL,NULL,TRUE
KDSR,4021,0,1,NULL,NULL,NULL,NULL,FALSE
KEAP1,23177,1,1,NULL,NULL,NULL,NULL,TRUE
KIAA1549,22219,0,1,NULL,NULL,NULL,NULL,FALSE
KIF5B,6324,0,1,NULL,NULL,NULL,NULL,FALSE
KLF4,6348,0,1,NULL,NULL,NULL,NULL,FALSE
KLK2,6363,0,1,NULL,NULL,NULL,NULL,FALSE
KMT2A,7132,1,1,NULL,NULL,NULL,NULL,TRUE
KNL1,24054,0,1,NULL,NULL,NULL,NULL,FALSE
KNSTRN,30767,0,1,NULL,NULL,NULL,NULL,FALSE
KTN1,6467,0,1,NULL,NULL,NULL,NULL,FALSE
LARP4B,28987,0,1,NULL,NULL,NULL,NULL,FALSE
LASP1,6513,0,1,NULL,NULL,NULL,NULL,FALSE
LATS1,6514,0,1,NULL,NULL,NULL,NULL,FALSE
LATS2,6515,0,1,NULL,NULL,NULL,NULL,FALSE
LCK,6524,0,1,NULL,NULL,NULL,NULL,FALSE
LCP1,6528,0,1,NULL,NULL,NULL,NULL,FALSE
LEPROTL1,6555,0,1,NULL,NULL,NULL,NULL,FALSE
LHFPL6,6586,0,1,NULL,NULL,NULL,NULL,FALSE
LIFR,6597,0,1,NULL,NULL,NULL,NULL,FALSE
LMNA,6636,0,1,NULL,NULL,NULL,NULL,FALSE
LMO1,6641,1,1,NULL,NULL,NULL,NULL,TRUE
LMO2,6642,0,1,NULL,NULL,NULL,NULL,FALSE
LRIG3,30991,0,1,NULL,NULL,NULL,NULL,FALSE
LRP1B,6693,1,1,NULL,NULL,NULL,NULL,TRUE
LSM14A,24489,0,1,NULL,NULL,NULL,NULL,FALSE
LYL1,6734,0,1,NULL,NULL,NULL,NULL,FALSE
LYN,6735,0,1,NULL,NULL,NULL,NULL,FALSE
MACC1,30215,0,1,NULL,NULL,NULL,NULL,FALSE
MAF,6776,0,1,NULL,NULL,NULL,NULL,FALSE
MAFB,6408,0,1,NULL,NULL,NULL,NULL,FALSE
MALAT1,29665,0,1,NULL,NULL,NULL,NULL,FALSE
MALT1,6819,0,1,NULL,NULL,NULL,NULL,FALSE
MAML2,16259,0,1,NULL,NULL,NULL,NULL,FALSE
MAP2K4,6844,0,1,NULL,NULL,NULL,NULL,FALSE
MAP3K13,6852,0,1,NULL,NULL,NULL,NULL,FALSE
MAPK1,6871,0,1,NULL,NULL,NULL,NULL,FALSE
MB21D2,30438,0,1,NULL,NULL,NULL,NULL,FALSE
MDM2,6973,0,1,NULL,NULL,NULL,NULL,FALSE
MDS2,29633,0,1,NULL,NULL,NULL,NULL,FALSE
MED12,11957,1,1,NULL,NULL,NULL,NULL,TRUE
MGMT,7059,0,1,NULL,NULL,NULL,NULL,FALSE
MLF1,7125,0,1,NULL,NULL,NULL,NULL,FALSE
MLLT1,7134,0,1,NULL,NULL,NULL,NULL,FALSE
MLLT11,16997,0,1,NULL,NULL,NULL,NULL,FALSE
MLLT3,7136,0,1,NULL,NULL,NULL,NULL,FALSE
MLLT6,7138,0,1,NULL,NULL,NULL,NULL,FALSE
MSI2,18585,0,1,NULL,NULL,NULL,NULL,FALSE
MSN,7373,0,1,NULL,NULL,NULL,NULL,FALSE
MTCP1,7423,0,1,NULL,NULL,NULL,NULL,FALSE
MUC1,7508,0,1,NULL,NULL,NULL,NULL,FALSE
MUC16,15582,0,1,NULL,NULL,NULL,NULL,FALSE
MUC4,7514,0,1,NULL,NULL,NULL,NULL,FALSE
MYB,7545,0,1,NULL,NULL,NULL,NULL,FALSE
MYCL,7555,0,1,NULL,NULL,NULL,NULL,FALSE
MYCN,7559,0,1,NULL,NULL,NULL,NULL,FALSE
MYOD1,7611,0,1,NULL,NULL,NULL,NULL,FALSE
N4BP2,29851,0,1,NULL,NULL,NULL,NULL,FALSE
NAB2,7627,0,1,NULL,NULL,NULL,NULL,FALSE
NACA,7629,0,1,NULL,NULL,NULL,NULL,FALSE
NBEA,7648,0,1,NULL,NULL,NULL,NULL,FALSE
NCKIPSD,15486,0,1,NULL,NULL,NULL,NULL,FALSE
NCOA1,7668,0,1,NULL,NULL,NULL,NULL,FALSE
NCOA2,7669,0,1,NULL,NULL,NULL,NULL,FALSE
NCOA4,7671,0,1,NULL,NULL,NULL,NULL,FALSE
NCOR1,7672,1,1,NULL,NULL,NULL,NULL,TRUE
NCOR2,7673,0,1,NULL,NULL,NULL,NULL,FALSE
NDRG1,7679,0,1,NULL,NULL,NULL,NULL,FALSE
NFATC2,7776,0,1,NULL,NULL,NULL,NULL,FALSE
NFE2L2,7782,0,1,NULL,NULL,NULL,NULL,FALSE
NFIB,7785,0,1,NULL,NULL,NULL,NULL,FALSE
NFKB2,7795,0,1,NULL,NULL,NULL,NULL,FALSE
NFKBIE,7799,0,1,NULL,NULL,NULL,NULL,FALSE
NIN,14906,0,1,NULL,NULL,NULL,NULL,FALSE
NONO,7871,0,1,NULL,NULL,NULL,NULL,FALSE
NOTCH2,7882,1,1,NULL,NULL,NULL,NULL,TRUE
NRG1,7997,0,1,NULL,NULL,NULL,NULL,FALSE
NSD2,12766,0,1,NULL,NULL,NULL,NULL,FALSE
NSD3,12767,0,1,NULL,NULL,NULL,NULL,FALSE
NT5C2,8022,0,1,NULL,NULL,NULL,NULL,FALSE
NTRK2,8032,0,1,NULL,NULL,NULL,NULL,FALSE
NTRK3,8033,1,1,NULL,NULL,NULL,NULL,TRUE
NUP98,8068,0,1,NULL,NULL,NULL,NULL,FALSE
NUTM1,29919,0,1,NULL,NULL,NULL,NULL,FALSE
NUTM2B,23445,0,1,NULL,NULL,NULL,NULL,FALSE
NUTM2D,23447,0,1,NULL,NULL,NULL,NULL,FALSE
OLIG2,9398,0,1,NULL,NULL,NULL,NULL,FALSE
OMD,8134,0,1,NULL,NULL,NULL,NULL,FALSE
P2RY8,15524,0,1,NULL,NULL,NULL,NULL,FALSE
PABPC1,8554,0,1,NULL,NULL,NULL,NULL,FALSE
PAFAH1B2,8575,0,1,NULL,NULL,NULL,NULL,FALSE
PATZ1,13071,0,1,NULL,NULL,NULL,NULL,FALSE
PAX8,8622,0,1,NULL,NULL,NULL,NULL,FALSE
PBX1,8632,0,1,NULL,NULL,NULL,NULL,FALSE
PCBP1,8647,0,1,NULL,NULL,NULL,NULL,FALSE
PCM1,8727,0,1,NULL,NULL,NULL,NULL,FALSE
PDCD1LG2,18731,0,1,NULL,NULL,NULL,NULL,FALSE
PDE4DIP,15580,0,1,NULL,NULL,NULL,NULL,FALSE
PER1,8845,0,1,NULL,NULL,NULL,NULL,FALSE
PHF6,18145,0,1,NULL,NULL,NULL,NULL,FALSE
PIK3CB,8976,0,1,NULL,NULL,NULL,NULL,FALSE
PIM1,8986,0,1,NULL,NULL,NULL,NULL,FALSE
PLCG1,9065,0,1,NULL,NULL,NULL,NULL,FALSE
PML,9113,0,1,NULL,NULL,NULL,NULL,FALSE
POLG,9179,0,1,NULL,NULL,NULL,NULL,FALSE
POLQ,9186,1,1,NULL,NULL,NULL,NULL,TRUE
POLR2A,9187,0,1,NULL,NULL,NULL,NULL,FALSE
POU2AF1,9211,0,1,NULL,NULL,NULL,NULL,FALSE
POU5F1,9221,0,1,NULL,NULL,NULL,NULL,FALSE
PPARG,9236,0,1,NULL,NULL,NULL,NULL,FALSE
PPFIBP1,9249,0,1,NULL,NULL,NULL,NULL,FALSE
PPP2R1A,9302,0,1,NULL,NULL,NULL,NULL,FALSE
PPP6C,9323,0,1,NULL,NULL,NULL,NULL,FALSE
PRDM1,9346,0,1,NULL,NULL,NULL,NULL,FALSE
PRDM16,14000,0,1,NULL,NULL,NULL,NULL,FALSE
PRDM2,9347,0,1,NULL,NULL,NULL,NULL,FALSE
PREX2,22950,0,1,NULL,NULL,NULL,NULL,FALSE
PRKACA,9380,0,1,NULL,NULL,NULL,NULL,FALSE
PRKCB,9395,0,1,NULL,NULL,NULL,NULL,FALSE
PRKD1,9407,0,1,NULL,NULL,NULL,NULL,FALSE
PRPF40B,25031,0,1,NULL,NULL,NULL,NULL,FALSE
PRRX1,9142,0,1,NULL,NULL,NULL,NULL,FALSE
PSIP1,9527,0,1,NULL,NULL,NULL,NULL,FALSE
PTK6,9617,0,1,NULL,NULL,NULL,NULL,FALSE
PTPN13,9646,1,1,NULL,NULL,NULL,NULL,TRUE
PTPN6,9658,0,1,NULL,NULL,NULL,NULL,FALSE
PTPRB,9665,0,1,NULL,NULL,NULL,NULL,FALSE
PTPRD,9668,0,1,NULL,NULL,NULL,NULL,FALSE
PTPRK,9674,0,1,NULL,NULL,NULL,NULL,FALSE
PTPRT,9682,1,1,NULL,NULL,NULL,NULL,TRUE
PWWP2A,29406,0,1,NULL,NULL,NULL,NULL,FALSE
QKI,21100,0,1,NULL,NULL,NULL,NULL,FALSE
RABEP1,17677,0,1,NULL,NULL,NULL,NULL,FALSE
RAC1,9801,0,1,NULL,NULL,NULL,NULL,FALSE
RAD17,9807,0,1,NULL,NULL,NULL,NULL,FALSE
RALGDS,9842,0,1,NULL,NULL,NULL,NULL,FALSE
RANBP2,9848,0,1,NULL,NULL,NULL,NULL,FALSE
RAP1GDS1,9859,0,1,NULL,NULL,NULL,NULL,FALSE
RBM10,9896,0,1,NULL,NULL,NULL,NULL,FALSE
RBM15,14959,0,1,NULL,NULL,NULL,NULL,FALSE
REL,9954,0,1,NULL,NULL,NULL,NULL,FALSE
RGPD3,32416,0,1,NULL,NULL,NULL,NULL,FALSE
RGS7,10003,0,1,NULL,NULL,NULL,NULL,FALSE
RHOA,667,1,1,NULL,NULL,NULL,NULL,TRUE
RMI2,28349,0,1,NULL,NULL,NULL,NULL,FALSE
RNF213,14539,0,1,NULL,NULL,NULL,NULL,FALSE
ROBO2,10250,0,1,NULL,NULL,NULL,NULL,FALSE
ROS1,10261,0,1,NULL,NULL,NULL,NULL,FALSE
RPL10,10298,0,1,NULL,NULL,NULL,NULL,FALSE
RPL22,10315,0,1,NULL,NULL,NULL,NULL,FALSE
RPN1,10381,0,1,NULL,NULL,NULL,NULL,FALSE
RSPO2,28583,0,1,NULL,NULL,NULL,NULL,FALSE
RSPO3,20866,0,1,NULL,NULL,NULL,NULL,FALSE
RUNX1T1,1535,0,1,NULL,NULL,NULL,NULL,FALSE
S100A7,10497,0,1,NULL,NULL,NULL,NULL,FALSE
SALL4,15924,0,1,NULL,NULL,NULL,NULL,FALSE
SDC4,10661,0,1,NULL,NULL,NULL,NULL,FALSE
SEPTIN5,9164,0,1,NULL,NULL,NULL,NULL,FALSE
SEPTIN6,15848,0,1,NULL,NULL,NULL,NULL,FALSE
SEPTIN9,7323,0,1,NULL,NULL,NULL,NULL,FALSE
SET,10760,0,1,NULL,NULL,NULL,NULL,FALSE
SETD1B,29187,0,1,NULL,NULL,NULL,NULL,FALSE
SETD2,18420,1,1,NULL,NULL,NULL,NULL,TRUE
SETDB1,10761,0,1,NULL,NULL,NULL,NULL,FALSE
SFPQ,10774,0,1,NULL,NULL,NULL,NULL,FALSE
SFRP4,10778,0,1,NULL,NULL,NULL,NULL,FALSE
SGK1,10810,0,1,NULL,NULL,NULL,NULL,FALSE
SHTN1,29319,0,1,NULL,NULL,NULL,NULL,FALSE
SIRPA,9662,0,1,NULL,NULL,NULL,NULL,FALSE
SIX1,10887,0,1,NULL,NULL,NULL,NULL,FALSE
SIX2,10888,0,1,NULL,NULL,NULL,NULL,FALSE
SKI,10896,0,1,NULL,NULL,NULL,NULL,FALSE
SLC34A2,11020,0,1,NULL,NULL,NULL,NULL,FALSE
SLC45A3,8642,0,1,NULL,NULL,NULL,NULL,FALSE
SMAD2,6768,0,1,NULL,NULL,NULL,NULL,FALSE
SMAD3,6769,0,1,NULL,NULL,NULL,NULL,FALSE
SMARCD1,11106,0,1,NULL,NULL,NULL,NULL,FALSE
SMC1A,11111,0,1,NULL,NULL,NULL,NULL,FALSE
SND1,30646,0,1,NULL,NULL,NULL,NULL,FALSE
SNX29,30542,0,1,NULL,NULL,NULL,NULL,FALSE
SOX21,11197,0,1,NULL,NULL,NULL,NULL,FALSE
SPECC1,30615,0,1,NULL,NULL,NULL,NULL,FALSE
SRGAP3,19744,0,1,NULL,NULL,NULL,NULL,FALSE
SRSF2,10783,1,1,NULL,NULL,NULL,NULL,TRUE
SRSF3,10785,0,1,NULL,NULL,NULL,NULL,FALSE
SS18,11340,0,1,NULL,NULL,NULL,NULL,FALSE
SS18L1,15592,0,1,NULL,NULL,NULL,NULL,FALSE
SSX1,11335,0,1,NULL,NULL,NULL,NULL,FALSE
SSX4,11338,0,1,NULL,NULL,NULL,NULL,FALSE
STAG1,11354,0,1,NULL,NULL,NULL,NULL,FALSE
STAG2,11355,1,1,NULL,NULL,NULL,NULL,TRUE
STAT5B,11367,0,1,NULL,NULL,NULL,NULL,FALSE
STAT6,11368,0,1,NULL,NULL,NULL,NULL,FALSE
STIL,10879,0,1,NULL,NULL,NULL,NULL,FALSE
STRN,11424,0,1,NULL,NULL,NULL,NULL,FALSE
SUB1,19985,0,1,NULL,NULL,NULL,NULL,FALSE
SUZ12,17101,0,1,NULL,NULL,NULL,NULL,FALSE
TBL1XR1,29529,0,1,NULL,NULL,NULL,NULL,FALSE
TBX3,11602,1,1,NULL,NULL,NULL,NULL,TRUE
TCEA1,11612,0,1,NULL,NULL,NULL,NULL,FALSE
TCF12,11623,0,1,NULL,NULL,NULL,NULL,FALSE
TCF7L2,11641,0,1,NULL,NULL,NULL,NULL,FALSE
TCL1A,11648,0,1,NULL,NULL,NULL,NULL,FALSE
TEC,11719,0,1,NULL,NULL,NULL,NULL,FALSE
TENT5C,24712,0,1,NULL,NULL,NULL,NULL,FALSE
TET1,29484,0,1,NULL,NULL,NULL,NULL,FALSE
TFEB,11753,0,1,NULL,NULL,NULL,NULL,FALSE
TFG,11758,0,1,NULL,NULL,NULL,NULL,FALSE
TFPT,13630,0,1,NULL,NULL,NULL,NULL,FALSE
TFRC,11763,0,1,NULL,NULL,NULL,NULL,FALSE
THRAP3,22964,0,1,NULL,NULL,NULL,NULL,FALSE
TLX1,5056,0,1,NULL,NULL,NULL,NULL,FALSE
TLX3,13532,0,1,NULL,NULL,NULL,NULL,FALSE
TMPRSS2,11876,0,1,NULL,NULL,NULL,NULL,FALSE
TMSB4X,11881,0,1,NULL,NULL,NULL,NULL,FALSE
TNC,5318,0,1,NULL,NULL,NULL,NULL,FALSE
TNFAIP3,11896,1,1,NULL,NULL,NULL,NULL,TRUE
TNFRSF14,11912,0,1,NULL,NULL,NULL,NULL,FALSE
TNFRSF17,11913,0,1,NULL,NULL,NULL,NULL,FALSE
TOP1,11986,0,1,NULL,NULL,NULL,NULL,FALSE
TP63,15979,1,1,NULL,NULL,NULL,NULL,TRUE
TPM3,12012,0,1,NULL,NULL,NULL,NULL,FALSE
TPM4,12013,0,1,NULL,NULL,NULL,NULL,FALSE
TPR,12017,0,1,NULL,NULL,NULL,NULL,FALSE
TRA,12027,0,1,NULL,NULL,NULL,NULL,FALSE
TRAF7,20456,1,1,NULL,NULL,NULL,NULL,TRUE
TRB,12155,0,1,NULL,NULL,NULL,NULL,FALSE
TRD,12252,0,1,NULL,NULL,NULL,NULL,FALSE
TRIM24,11812,0,1,NULL,NULL,NULL,NULL,FALSE
TRIM27,9975,0,1,NULL,NULL,NULL,NULL,FALSE
TRIM33,16290,0,1,NULL,NULL,NULL,NULL,FALSE
TRIP11,12305,0,1,NULL,NULL,NULL,NULL,FALSE
TRRAP,12347,0,1,NULL,NULL,NULL,NULL,FALSE
TSHR,12373,1,1,NULL,NULL,NULL,NULL,TRUE
U2AF1,12453,1,1,NULL,NULL,NULL,NULL,TRUE
UBR5,16806,0,1,NULL,NULL,NULL,NULL,FALSE
USP44,20064,0,1,NULL,NULL,NULL,NULL,FALSE
USP6,12629,0,1,NULL,NULL,NULL,NULL,FALSE
USP9X,12632,0,1,NULL,NULL,NULL,NULL,FALSE
VAV1,12657,0,1,NULL,NULL,NULL,NULL,FALSE
VTI1A,17792,0,1,NULL,NULL,NULL,NULL,FALSE
WDCP,26157,0,1,NULL,NULL,NULL,NULL,FALSE
WIF1,18081,0,1,NULL,NULL,NULL,NULL,FALSE
WNK2,14542,0,1,NULL,NULL,NULL,NULL,FALSE
WWTR1,24042,0,1,NULL,NULL,NULL,NULL,FALSE
XPO1,12825,0,1,NULL,NULL,NULL,NULL,FALSE
YWHAE,12851,0,1,NULL,NULL,NULL,NULL,FALSE
ZBTB16,12930,0,1,NULL,NULL,NULL,NULL,FALSE
ZEB1,11642,0,1,NULL,NULL,NULL,NULL,FALSE
ZMYM2,12989,0,1,NULL,NULL,NULL,NULL,FALSE
ZMYM3,13054,0,1,NULL,NULL,NULL,NULL,FALSE
ZNF331,15489,0,1,NULL,NULL,NULL,NULL,FALSE
ZNF384,11955,0,1,NULL,NULL,NULL,NULL,FALSE
ZNF429,20817,0,1,NULL,NULL,NULL,NULL,FALSE
ZNF479,23258,0,1,NULL,NULL,NULL,NULL,FALSE
ZNF521,24605,0,1,NULL,NULL,NULL,NULL,FALSE
ZNRF3,18126,0,1,NULL,NULL,NULL,NULL,FALSE
ZRSR2,23019,0,1,NULL,NULL,NULL,NULL,FALSE
